Study Site,Survey date,Latitude,Longitude,Percentage of diseased leaf area
"Kanding Township, Pingtung County",2017/02/14,22.52506,120.4991,0
"Kanding Township, Pingtung County",2017/02/21,22.52506,120.4991,0
"Kanding Township, Pingtung County",2017/03/01,22.52506,120.4991,0
"Kanding Township, Pingtung County",2017/03/07,22.52506,120.4991,0
"Kanding Township, Pingtung County",2017/03/14,22.52506,120.4991,0.26
"Kanding Township, Pingtung County",2017/03/21,22.52506,120.4991,0.92
"Kanding Township, Pingtung County",2017/03/28,22.52506,120.4991,6.36
"Kanding Township, Pingtung County",2017/04/05,22.52506,120.4991,9.52
"Kanding Township, Pingtung County",2017/04/11,22.52506,120.4991,9.08
"Kanding Township, Pingtung County",2017/04/18,22.52506,120.4991,5.08
"Kanding Township, Pingtung County",2017/04/26,22.52506,120.4991,3.06
"Kanding Township, Pingtung County",2017/05/02,22.52506,120.4991,3.22
"Kanding Township, Pingtung County",2017/05/09,22.52506,120.4991,2.48
"Kanding Township, Pingtung County",2017/05/16,22.52506,120.4991,2.24
"Kanding Township, Pingtung County",2017/05/23,22.52506,120.4991,2.02
"Kanding Township, Pingtung County",2021/02/02,22.525205,120.499331,0
"Kanding Township, Pingtung County",2021/02/08,22.525205,120.499331,0
"Kanding Township, Pingtung County",2021/02/17,22.525205,120.499331,0
"Kanding Township, Pingtung County",2021/02/23,22.525205,120.499331,0
"Kanding Township, Pingtung County",2021/03/02,22.525205,120.499331,0.062
"Kanding Township, Pingtung County",2021/03/08,22.525205,120.499331,0.42
"Kanding Township, Pingtung County",2021/03/17,22.525205,120.499331,0.706
"Kanding Township, Pingtung County",2021/03/23,22.525205,120.499331,0.814
"Kanding Township, Pingtung County",2021/03/30,22.525205,120.499331,0.748
"Kanding Township, Pingtung County",2021/04/06,22.525205,120.499331,0.676
"Kanding Township, Pingtung County",2021/04/13,22.525205,120.499331,0.596
"Kanding Township, Pingtung County",2021/04/20,22.525205,120.499331,0.628
"Kanding Township, Pingtung County",2021/04/27,22.525205,120.499331,0.59
"Kanding Township, Pingtung County",2021/05/04,22.525205,120.499331,0.39
"Kanding Township, Pingtung County",2021/05/10,22.525205,120.499331,0.49
"Kanding Township, Pingtung County",2021/05/18,22.525205,120.499331,0.24
"Kanding Township, Pingtung County",2018/01/24,22.52521,120.4993,0
"Kanding Township, Pingtung County",2018/02/02,22.52521,120.4993,0
"Kanding Township, Pingtung County",2018/02/07,22.52521,120.4993,0
"Kanding Township, Pingtung County",2018/02/13,22.52521,120.4993,0
"Kanding Township, Pingtung County",2018/02/22,22.52521,120.4993,0
"Kanding Township, Pingtung County",2018/03/01,22.52521,120.4993,0.76
"Kanding Township, Pingtung County",2018/03/08,22.52521,120.4993,7.1
"Kanding Township, Pingtung County",2018/03/14,22.52521,120.4993,22.28
"Kanding Township, Pingtung County",2018/03/21,22.52521,120.4993,39.08
"Kanding Township, Pingtung County",2018/03/28,22.52521,120.4993,42.22
"Kanding Township, Pingtung County",2018/04/02,22.52521,120.4993,41.54
"Kanding Township, Pingtung County",2018/04/12,22.52521,120.4993,40.94
"Kanding Township, Pingtung County",2018/04/18,22.52521,120.4993,32.86
"Kanding Township, Pingtung County",2018/04/27,22.52521,120.4993,24.86
"Kanding Township, Pingtung County",2018/05/02,22.52521,120.4993,23.94
"Kanding Township, Pingtung County",2018/05/10,22.52521,120.4993,28.98
"Kanding Township, Pingtung County",2018/05/16,22.52521,120.4993,22.28
"Kanding Township, Pingtung County",2019/01/25,22.52521,120.4993,0
"Kanding Township, Pingtung County",2019/01/30,22.52521,120.4993,0
"Kanding Township, Pingtung County",2019/02/14,22.52521,120.4993,0
"Kanding Township, Pingtung County",2019/02/21,22.52521,120.4993,0
"Kanding Township, Pingtung County",2019/02/27,22.52521,120.4993,0.8
"Kanding Township, Pingtung County",2019/03/07,22.52521,120.4993,0.72
"Kanding Township, Pingtung County",2019/03/14,22.52521,120.4993,0.74
"Kanding Township, Pingtung County",2019/03/21,22.52521,120.4993,0.96
"Kanding Township, Pingtung County",2019/03/28,22.52521,120.4993,1
"Kanding Township, Pingtung County",2019/04/02,22.52521,120.4993,1
"Kanding Township, Pingtung County",2019/04/11,22.52521,120.4993,0.94
"Kanding Township, Pingtung County",2019/04/18,22.52521,120.4993,0.88
"Kanding Township, Pingtung County",2019/04/25,22.52521,120.4993,0.86
"Kanding Township, Pingtung County",2019/05/02,22.52521,120.4993,0.94
"Kanding Township, Pingtung County",2019/05/09,22.52521,120.4993,0.9
"Kanding Township, Pingtung County",2019/05/15,22.52521,120.4993,0.68
"Kanding Township, Pingtung County",2020/01/17,22.52521,120.4993,0
"Kanding Township, Pingtung County",2020/01/22,22.52521,120.4993,0
"Kanding Township, Pingtung County",2020/01/30,22.52521,120.4993,0
"Kanding Township, Pingtung County",2020/02/07,22.52521,120.4993,0
"Kanding Township, Pingtung County",2020/02/14,22.52521,120.4993,0
"Kanding Township, Pingtung County",2020/02/21,22.52521,120.4993,0.1
"Kanding Township, Pingtung County",2020/02/27,22.52521,120.4993,1.97
"Kanding Township, Pingtung County",2020/03/06,22.52521,120.4993,26.54
"Kanding Township, Pingtung County",2020/03/13,22.52521,120.4993,36.72
"Kanding Township, Pingtung County",2020/03/20,22.52521,120.4993,32.94
"Kanding Township, Pingtung County",2020/03/27,22.52521,120.4993,24.02
"Kanding Township, Pingtung County",2020/03/31,22.52521,120.4993,18.74
"Kanding Township, Pingtung County",2020/04/10,22.52521,120.4993,14.92
"Kanding Township, Pingtung County",2020/04/17,22.52521,120.4993,14.36
"Kanding Township, Pingtung County",2020/04/24,22.52521,120.4993,10.96
"Kanding Township, Pingtung County",2020/05/01,22.52521,120.4993,11.08
"Kanding Township, Pingtung County",2020/05/08,22.52521,120.4993,8.1
"Kanding Township, Pingtung County",2020/05/15,22.52521,120.4993,11.48
Kaohsiung District Agricultural Research and Extension Station,2017/02/14,22.70877,120.5289,0
Kaohsiung District Agricultural Research and Extension Station,2017/02/22,22.70877,120.5289,0
Kaohsiung District Agricultural Research and Extension Station,2017/03/02,22.70877,120.5289,0
Kaohsiung District Agricultural Research and Extension Station,2017/03/08,22.70877,120.5289,0.06
Kaohsiung District Agricultural Research and Extension Station,2017/03/15,22.70877,120.5289,0.44
Kaohsiung District Agricultural Research and Extension Station,2017/03/22,22.70877,120.5289,0.6
Kaohsiung District Agricultural Research and Extension Station,2017/03/29,22.70877,120.5289,0.78
Kaohsiung District Agricultural Research and Extension Station,2017/04/05,22.70877,120.5289,1.2
Kaohsiung District Agricultural Research and Extension Station,2017/04/11,22.70877,120.5289,0.84
Kaohsiung District Agricultural Research and Extension Station,2017/04/18,22.70877,120.5289,0.54
Kaohsiung District Agricultural Research and Extension Station,2017/04/26,22.70877,120.5289,0.64
Kaohsiung District Agricultural Research and Extension Station,2017/05/05,22.70877,120.5289,0.52
Kaohsiung District Agricultural Research and Extension Station,2017/05/09,22.70877,120.5289,0.32
"Meinong District, Kaohsiung County",2020/01/21,22.86034,120.5328,0
"Meinong District, Kaohsiung County",2020/01/31,22.86034,120.5328,0
"Meinong District, Kaohsiung County",2020/02/06,22.86034,120.5328,0
"Meinong District, Kaohsiung County",2020/02/13,22.86034,120.5328,0
"Meinong District, Kaohsiung County",2020/02/20,22.86034,120.5328,0
"Meinong District, Kaohsiung County",2020/02/26,22.86034,120.5328,0
"Meinong District, Kaohsiung County",2020/03/05,22.86034,120.5328,0.02
"Meinong District, Kaohsiung County",2020/03/12,22.86034,120.5328,0.27
"Meinong District, Kaohsiung County",2020/03/19,22.86034,120.5328,0.44
"Meinong District, Kaohsiung County",2020/03/26,22.86034,120.5328,0.43
"Meinong District, Kaohsiung County",2020/04/01,22.86034,120.5328,0.66
"Meinong District, Kaohsiung County",2020/04/09,22.86034,120.5328,0.64
"Meinong District, Kaohsiung County",2020/04/16,22.86034,120.5328,0.59
"Meinong District, Kaohsiung County",2020/04/23,22.86034,120.5328,0.63
"Meinong District, Kaohsiung County",2020/04/30,22.86034,120.5328,0.5
"Meinong District, Kaohsiung County",2020/05/07,22.86034,120.5328,0.56
"Meinong District, Kaohsiung County",2020/05/14,22.86034,120.5328,0.51
"Meinong District, Kaohsiung County",2021/01/27,22.8639061,120.5224888,0
"Meinong District, Kaohsiung County",2021/02/03,22.8639061,120.5224888,0
"Meinong District, Kaohsiung County",2021/02/09,22.8639061,120.5224888,0
"Meinong District, Kaohsiung County",2021/02/18,22.8639061,120.5224888,0
"Meinong District, Kaohsiung County",2021/02/24,22.8639061,120.5224888,0
"Meinong District, Kaohsiung County",2021/03/03,22.8639061,120.5224888,0
"Meinong District, Kaohsiung County",2021/03/09,22.8639061,120.5224888,0.01
"Meinong District, Kaohsiung County",2021/03/18,22.8639061,120.5224888,0.08
"Meinong District, Kaohsiung County",2021/03/25,22.8639061,120.5224888,0.04
"Meinong District, Kaohsiung County",2021/03/31,22.8639061,120.5224888,0.08
"Meinong District, Kaohsiung County",2021/04/08,22.8639061,120.5224888,0.04
"Meinong District, Kaohsiung County",2021/04/14,22.8639061,120.5224888,0.07
"Meinong District, Kaohsiung County",2021/04/21,22.8639061,120.5224888,0.02
"Meinong District, Kaohsiung County",2021/04/29,22.8639061,120.5224888,0.03
"Meinong District, Kaohsiung County",2021/05/05,22.8639061,120.5224888,0.02
"Meinong District, Kaohsiung County",2021/05/11,22.8639061,120.5224888,0.05
"Meinong District, Kaohsiung County",2018/01/25,22.87136,120.5285,0
"Meinong District, Kaohsiung County",2018/02/01,22.87136,120.5285,0
"Meinong District, Kaohsiung County",2018/02/08,22.87136,120.5285,0
"Meinong District, Kaohsiung County",2018/02/14,22.87136,120.5285,0
"Meinong District, Kaohsiung County",2018/02/23,22.87136,120.5285,0
"Meinong District, Kaohsiung County",2018/03/02,22.87136,120.5285,0
"Meinong District, Kaohsiung County",2018/03/07,22.87136,120.5285,0
"Meinong District, Kaohsiung County",2018/03/15,22.87136,120.5285,0.64
"Meinong District, Kaohsiung County",2018/03/22,22.87136,120.5285,0.88
"Meinong District, Kaohsiung County",2018/03/29,22.87136,120.5285,1.5
"Meinong District, Kaohsiung County",2018/04/03,22.87136,120.5285,1.24
"Meinong District, Kaohsiung County",2018/04/11,22.87136,120.5285,1.46
"Meinong District, Kaohsiung County",2018/04/20,22.87136,120.5285,1.44
"Meinong District, Kaohsiung County",2018/04/26,22.87136,120.5285,1.4
"Meinong District, Kaohsiung County",2018/05/03,22.87136,120.5285,0.94
"Meinong District, Kaohsiung County",2018/05/11,22.87136,120.5285,0.86
"Meinong District, Kaohsiung County",2018/05/17,22.87136,120.5285,0.66
"Meinong District, Kaohsiung County",2018/05/24,22.87136,120.5285,0.62
"Meinong District, Kaohsiung County",2019/01/23,22.87136,120.5285,0
"Meinong District, Kaohsiung County",2019/01/29,22.87136,120.5285,0
"Meinong District, Kaohsiung County",2019/02/12,22.87136,120.5285,0
"Meinong District, Kaohsiung County",2019/02/19,22.87136,120.5285,0
"Meinong District, Kaohsiung County",2019/02/26,22.87136,120.5285,0
"Meinong District, Kaohsiung County",2019/03/05,22.87136,120.5285,0.08
"Meinong District, Kaohsiung County",2019/03/11,22.87136,120.5285,0.56
"Meinong District, Kaohsiung County",2019/03/18,22.87136,120.5285,0.78
"Meinong District, Kaohsiung County",2019/03/26,22.87136,120.5285,0.9
"Meinong District, Kaohsiung County",2019/04/01,22.87136,120.5285,1.76
"Meinong District, Kaohsiung County",2019/04/09,22.87136,120.5285,2.8
"Meinong District, Kaohsiung County",2019/04/16,22.87136,120.5285,5.54
"Meinong District, Kaohsiung County",2019/04/23,22.87136,120.5285,3.94
"Meinong District, Kaohsiung County",2019/04/30,22.87136,120.5285,4.22
"Meinong District, Kaohsiung County",2019/05/07,22.87136,120.5285,3.66
"Xinhua District, Tainan City",2017/02/23,23.0248,120.2887,0
"Xinhua District, Tainan City",2017/03/02,23.0248,120.2887,0
"Xinhua District, Tainan City",2017/03/09,23.0248,120.2887,0
"Xinhua District, Tainan City",2017/03/16,23.0248,120.2887,0
"Xinhua District, Tainan City",2017/03/23,23.0248,120.2887,0
"Xinhua District, Tainan City",2017/03/30,23.0248,120.2887,0
"Xinhua District, Tainan City",2017/04/06,23.0248,120.2887,10.8
"Xinhua District, Tainan City",2017/04/13,23.0248,120.2887,18.4
"Xinhua District, Tainan City",2017/04/20,23.0248,120.2887,18.4
"Xinhua District, Tainan City",2017/04/27,23.0248,120.2887,14.8
"Xinhua District, Tainan City",2017/05/04,23.0248,120.2887,1.2
"Xinhua District, Tainan City",2017/05/11,23.0248,120.2887,1.6
"Xinhua District, Tainan City",2017/05/18,23.0248,120.2887,0.4
"Xinhua District, Tainan City",2018/02/23,23.0248,120.2887,0
"Xinhua District, Tainan City",2018/03/07,23.0248,120.2887,0
"Xinhua District, Tainan City",2018/03/14,23.0248,120.2887,0
"Xinhua District, Tainan City",2018/03/21,23.0248,120.2887,0
"Xinhua District, Tainan City",2018/03/28,23.0248,120.2887,0
"Xinhua District, Tainan City",2018/04/03,23.0248,120.2887,0
"Xinhua District, Tainan City",2018/04/12,23.0248,120.2887,0.33
"Xinhua District, Tainan City",2018/04/19,23.0248,120.2887,0.43
"Xinhua District, Tainan City",2018/04/25,23.0248,120.2887,0.6
"Xinhua District, Tainan City",2018/05/03,23.0248,120.2887,0.17
"Xinhua District, Tainan City",2018/05/10,23.0248,120.2887,0.09
"Xinhua District, Tainan City",2018/05/16,23.0248,120.2887,0
"Xinhua District, Tainan City",2020/02/24,23.0248,120.2887,0
"Xinhua District, Tainan City",2020/03/03,23.0248,120.2887,0.42
"Xinhua District, Tainan City",2020/03/12,23.0248,120.2887,0.7
"Xinhua District, Tainan City",2020/03/19,23.0248,120.2887,1.97
"Xinhua District, Tainan City",2020/03/26,23.0248,120.2887,1.08
"Xinhua District, Tainan City",2020/03/31,23.0248,120.2887,3.58
"Xinhua District, Tainan City",2020/04/07,23.0248,120.2887,2.82
"Xinhua District, Tainan City",2020/04/14,23.0248,120.2887,3.62
Taitung County,2018/02/08,23.09301,121.2188,0
Taitung County,2018/02/15,23.09301,121.2188,0
Taitung County,2018/02/22,23.09301,121.2188,0
Taitung County,2018/03/01,23.09301,121.2188,0
Taitung County,2018/03/08,23.09301,121.2188,0
Taitung County,2018/03/15,23.09301,121.2188,0
Taitung County,2018/03/22,23.09301,121.2188,0
Taitung County,2018/03/29,23.09301,121.2188,0
Taitung County,2018/04/05,23.09301,121.2188,0
Taitung County,2018/04/12,23.09301,121.2188,0.16
Taitung County,2018/04/19,23.09301,121.2188,0.26
Taitung County,2018/04/26,23.09301,121.2188,0.64
Taitung County,2018/05/03,23.09301,121.2188,0.64
Taitung County,2018/05/10,23.09301,121.2188,1.4
Taitung County,2018/05/17,23.09301,121.2188,1.4
Taitung County,2019/02/22,23.09301,121.2188,0
Taitung County,2019/03/01,23.09301,121.2188,0
Taitung County,2019/03/08,23.09301,121.2188,0
Taitung County,2019/03/15,23.09301,121.2188,2
Taitung County,2019/03/22,23.09301,121.2188,4
Taitung County,2019/03/29,23.09301,121.2188,10.3
Taitung County,2019/04/05,23.09301,121.2188,10.1
Taitung County,2019/04/12,23.09301,121.2188,7
Taitung County,2019/04/19,23.09301,121.2188,6.9
Taitung County,2019/04/26,23.09301,121.2188,6.9
Taitung County,2019/05/03,23.09301,121.2188,3.5
Taitung County,2021/03/30,23.098485,121.209619,0.08
Taitung County,2021/04/07,23.098485,121.209619,2.86
Taitung County,2021/04/15,23.098485,121.209619,3.14
Taitung County,2021/04/22,23.098485,121.209619,10.4
Taitung County,2021/04/28,23.098485,121.209619,10.72
Taitung County,2021/05/06,23.098485,121.209619,8.92
Taitung County,2021/05/13,23.098485,121.209619,10.08
Taitung County,2021/05/27,23.098485,121.209619,6.32
Taitung County,2021/06/01,23.098485,121.209619,7.1
Taitung County,2021/06/09,23.098485,121.209619,2.76
Taitung County,2017/02/17,23.11874,121.2117,0
Taitung County,2017/02/24,23.11874,121.2117,0
Taitung County,2017/03/03,23.11874,121.2117,0
Taitung County,2017/03/10,23.11874,121.2117,0.8
Taitung County,2017/03/17,23.11874,121.2117,3.6
Taitung County,2017/03/24,23.11874,121.2117,2.8
Taitung County,2017/03/31,23.11874,121.2117,18.4
Taitung County,2017/04/07,23.11874,121.2117,20
Taitung County,2017/04/14,23.11874,121.2117,31.2
Taitung County,2017/04/21,23.11874,121.2117,40.8
Taitung County,2017/04/28,23.11874,121.2117,40
Taitung County,2017/05/05,23.11874,121.2117,41.2
Taitung County,2017/05/12,23.11874,121.2117,28.8
Taitung County,2020/03/10,23.11874,121.2117,0
Taitung County,2020/03/17,23.11874,121.2117,0
Taitung County,2020/03/27,23.11874,121.2117,5
Taitung County,2020/04/13,23.11874,121.2117,5
Taitung County,2020/04/17,23.11874,121.2117,20
Taitung County,2020/04/23,23.11874,121.2117,25
Taitung County,2020/05/05,23.11874,121.2117,20
Taitung County,2020/05/19,23.11874,121.2117,20
Taitung County,2020/05/26,23.11874,121.2117,30
"Guantian District, Tainan City",2017/02/23,23.19726,120.3572,0
"Guantian District, Tainan City",2017/03/02,23.19726,120.3572,0
"Guantian District, Tainan City",2017/03/09,23.19726,120.3572,0
"Guantian District, Tainan City",2017/03/16,23.19726,120.3572,9
"Guantian District, Tainan City",2017/03/23,23.19726,120.3572,9
"Guantian District, Tainan City",2017/03/30,23.19726,120.3572,18.4
"Guantian District, Tainan City",2017/04/06,23.19726,120.3572,14.8
"Guantian District, Tainan City",2017/04/13,23.19726,120.3572,20.4
"Guantian District, Tainan City",2017/04/20,23.19726,120.3572,20.4
"Guantian District, Tainan City",2017/04/27,23.19726,120.3572,16.4
"Guantian District, Tainan City",2017/05/04,23.19726,120.3572,5.6
"Guantian District, Tainan City",2017/05/11,23.19726,120.3572,2
"Guantian District, Tainan City",2017/05/18,23.19726,120.3572,0.8
"Guantian District, Tainan City",2018/03/07,23.19726,120.3572,0
"Guantian District, Tainan City",2018/03/14,23.19726,120.3572,0
"Guantian District, Tainan City",2018/03/21,23.19726,120.3572,0
"Guantian District, Tainan City",2018/03/28,23.19726,120.3572,1.59
"Guantian District, Tainan City",2018/04/03,23.19726,120.3572,7.72
"Guantian District, Tainan City",2018/04/12,23.19726,120.3572,8.48
"Guantian District, Tainan City",2018/04/19,23.19726,120.3572,8.05
"Guantian District, Tainan City",2018/04/25,23.19726,120.3572,3.6
"Guantian District, Tainan City",2018/05/03,23.19726,120.3572,2.49
"Guantian District, Tainan City",2018/05/10,23.19726,120.3572,1
"Guantian District, Tainan City",2018/05/16,23.19726,120.3572,0.43
"Guantian District, Tainan City",2020/02/24,23.19726,120.3572,0
"Guantian District, Tainan City",2020/03/03,23.19726,120.3572,0.54
"Guantian District, Tainan City",2020/03/12,23.19726,120.3572,1.7
"Guantian District, Tainan City",2020/03/19,23.19726,120.3572,3.93
"Guantian District, Tainan City",2020/03/26,23.19726,120.3572,4.33
"Guantian District, Tainan City",2020/03/31,23.19726,120.3572,5.63
"Guantian District, Tainan City",2020/04/07,23.19726,120.3572,6
"Guantian District, Tainan City",2020/04/14,23.19726,120.3572,6.23
"Baihe District, Tainan City",2021/03/03,23.36645,120.429,0
"Baihe District, Tainan City",2021/03/10,23.36645,120.429,0
"Baihe District, Tainan City",2021/03/18,23.36645,120.429,0
"Baihe District, Tainan City",2021/03/24,23.36645,120.429,0.4
"Baihe District, Tainan City",2021/03/31,23.36645,120.429,2.4
"Baihe District, Tainan City",2021/04/07,23.36645,120.429,1.7
"Baihe District, Tainan City",2021/04/15,23.36645,120.429,0.7
"Baihe District, Tainan City",2021/04/23,23.36645,120.429,0.4
"Baihe District, Tainan City",2021/04/28,23.36645,120.429,0.7
"Baihe District, Tainan City",2021/05/06,23.36645,120.429,0.3
"Baihe District, Tainan City",2021/05/12,23.36645,120.429,0
"Baihe District, Tainan City",2021/05/20,23.36645,120.429,0.1
"Baihe District, Tainan City",2021/05/29,23.36645,120.429,0.1
"Baihe District, Tainan City",2021/06/01,23.36645,120.429,0.1
"Baihe District, Tainan City",2021/06/09,23.36645,120.429,0.21
"Houbi District, Tainan City",2021/03/03,23.37006,120.399,0
"Houbi District, Tainan City",2021/03/10,23.37006,120.399,0
"Houbi District, Tainan City",2021/03/18,23.37006,120.399,0
"Houbi District, Tainan City",2021/03/24,23.37006,120.399,1.1
"Houbi District, Tainan City",2021/03/31,23.37006,120.399,6.1
"Houbi District, Tainan City",2021/04/07,23.37006,120.399,7.5
"Houbi District, Tainan City",2021/04/15,23.37006,120.399,5
"Houbi District, Tainan City",2021/04/23,23.37006,120.399,2.8
"Houbi District, Tainan City",2021/04/28,23.37006,120.399,2.5
"Houbi District, Tainan City",2021/05/06,23.37006,120.399,0.6
"Houbi District, Tainan City",2021/05/12,23.37006,120.399,0.7
"Houbi District, Tainan City",2021/05/20,23.37006,120.399,0.3
"Houbi District, Tainan City",2021/05/29,23.37006,120.399,0.3
"Houbi District, Tainan City",2021/06/01,23.37006,120.399,0.4
"Houbi District, Tainan City",2021/06/09,23.37006,120.399,0.21
"Lucao Township, Chiayi County",2014/04/01,23.4083,120.3104,0
"Lucao Township, Chiayi County",2014/04/08,23.4083,120.3104,0
"Lucao Township, Chiayi County",2014/04/15,23.4083,120.3104,0
"Lucao Township, Chiayi County",2014/04/22,23.4083,120.3104,0.8
"Lucao Township, Chiayi County",2014/04/29,23.4083,120.3104,1
"Lucao Township, Chiayi County",2014/05/06,23.4083,120.3104,0.5
"Lucao Township, Chiayi County",2014/05/13,23.4083,120.3104,1
"Lucao Township, Chiayi County",2014/05/20,23.4083,120.3104,1
"Lucao Township, Chiayi County",2014/05/27,23.4083,120.3104,1
"Lucao Township, Chiayi County",2014/06/03,23.4083,120.3104,1
"Lucao Township, Chiayi County",2015/03/27,23.4083,120.3104,0
"Lucao Township, Chiayi County",2015/04/03,23.4083,120.3104,0
"Lucao Township, Chiayi County",2015/04/10,23.4083,120.3104,0.8
"Lucao Township, Chiayi County",2015/04/17,23.4083,120.3104,2.4
"Lucao Township, Chiayi County",2015/04/24,23.4083,120.3104,0
"Lucao Township, Chiayi County",2015/05/01,23.4083,120.3104,14.8
"Lucao Township, Chiayi County",2015/05/08,23.4083,120.3104,34.8
"Lucao Township, Chiayi County",2015/05/15,23.4083,120.3104,32.4
"Lucao Township, Chiayi County",2015/05/22,23.4083,120.3104,35.6
"Lucao Township, Chiayi County",2015/05/29,23.4083,120.3104,45.2
"Lucao Township, Chiayi County",2015/06/05,23.4083,120.3104,44.8
"Lucao Township, Chiayi County",2016/03/22,23.4083,120.3104,0.065
"Lucao Township, Chiayi County",2016/03/29,23.4083,120.3104,0.065
"Lucao Township, Chiayi County",2016/04/05,23.4083,120.3104,0.305
"Lucao Township, Chiayi County",2016/04/12,23.4083,120.3104,0.195
"Lucao Township, Chiayi County",2016/04/19,23.4083,120.3104,0.31
"Lucao Township, Chiayi County",2016/04/26,23.4083,120.3104,0.49
"Lucao Township, Chiayi County",2016/05/03,23.4083,120.3104,0.61
"Lucao Township, Chiayi County",2016/05/10,23.4083,120.3104,0.425
"Lucao Township, Chiayi County",2016/05/17,23.4083,120.3104,0.18
"Lucao Township, Chiayi County",2016/05/24,23.4083,120.3104,0.035
"Lucao Township, Chiayi County",2016/05/31,23.4083,120.3104,0.035
"Lucao Township, Chiayi County",2016/06/07,23.4083,120.3104,0.065
"Lucao Township, Chiayi County",2016/06/14,23.4083,120.3104,0.065
"Lucao Township, Chiayi County",2018/02/22,23.4083,120.3082,0
"Lucao Township, Chiayi County",2018/03/01,23.4083,120.3082,0
"Lucao Township, Chiayi County",2018/03/08,23.4083,120.3082,0
"Lucao Township, Chiayi County",2018/03/15,23.4083,120.3082,0
"Lucao Township, Chiayi County",2018/03/22,23.4083,120.3082,0
"Lucao Township, Chiayi County",2018/03/29,23.4083,120.3082,0
"Lucao Township, Chiayi County",2018/04/05,23.4083,120.3082,1
"Lucao Township, Chiayi County",2018/04/12,23.4083,120.3082,4.32
"Lucao Township, Chiayi County",2018/04/19,23.4083,120.3082,7.24
"Lucao Township, Chiayi County",2018/04/26,23.4083,120.3082,9.7
"Lucao Township, Chiayi County",2018/05/03,23.4083,120.3082,10.34
"Lucao Township, Chiayi County",2018/05/10,23.4083,120.3082,9.5
"Lucao Township, Chiayi County",2018/05/17,23.4083,120.3082,11.36
"Lucao Township, Chiayi County",2018/05/24,23.4083,120.3082,11.76
"Lucao Township, Chiayi County",2018/05/31,23.4083,120.3082,15.6
"Lucao Township, Chiayi County",2018/06/07,23.4083,120.3082,17.5
"Lucao Township, Chiayi County",2019/02/19,23.4083,120.3082,0
"Lucao Township, Chiayi County",2019/02/26,23.4083,120.3082,0
"Lucao Township, Chiayi County",2019/03/05,23.4083,120.3082,0
"Lucao Township, Chiayi County",2019/03/12,23.4083,120.3082,0
"Lucao Township, Chiayi County",2019/03/19,23.4083,120.3082,0
"Lucao Township, Chiayi County",2019/03/26,23.4083,120.3082,3.6
"Lucao Township, Chiayi County",2019/04/02,23.4083,120.3082,5.34
"Lucao Township, Chiayi County",2019/04/09,23.4083,120.3082,5.72
"Lucao Township, Chiayi County",2019/04/16,23.4083,120.3082,4.66
"Lucao Township, Chiayi County",2019/04/23,23.4083,120.3082,2.64
"Lucao Township, Chiayi County",2019/04/30,23.4083,120.3082,2.86
"Lucao Township, Chiayi County",2019/05/07,23.4083,120.3082,2.14
"Lucao Township, Chiayi County",2019/05/14,23.4083,120.3082,1
"Lucao Township, Chiayi County",2019/05/21,23.4083,120.3082,1.5
"Lucao Township, Chiayi County",2019/05/28,23.4083,120.3082,0.64
"Lucao Township, Chiayi County",2020/02/11,23.4083,120.3104,0
"Lucao Township, Chiayi County",2020/02/17,23.4083,120.3104,0
"Lucao Township, Chiayi County",2020/02/25,23.4083,120.3104,0
"Lucao Township, Chiayi County",2020/03/03,23.4083,120.3104,0
"Lucao Township, Chiayi County",2020/03/10,23.4083,120.3104,1.04
"Lucao Township, Chiayi County",2020/03/17,23.4083,120.3104,0.46
"Lucao Township, Chiayi County",2020/03/24,23.4083,120.3104,2.08
"Lucao Township, Chiayi County",2020/03/31,23.4083,120.3104,2.62
"Lucao Township, Chiayi County",2020/04/07,23.4083,120.3104,1.74
"Lucao Township, Chiayi County",2020/04/14,23.4083,120.3104,1.82
"Lucao Township, Chiayi County",2020/04/21,23.4083,120.3104,1.74
"Lucao Township, Chiayi County",2020/04/28,23.4083,120.3104,2.26
"Lucao Township, Chiayi County",2020/05/04,23.4083,120.3104,1.46
"Lucao Township, Chiayi County",2020/05/12,23.4083,120.3104,2.38
"Lucao Township, Chiayi County",2020/05/19,23.4083,120.3104,2.1
"Lucao Township, Chiayi County",2020/05/26,23.4083,120.3104,2.42
"Lucao Township, Chiayi County",2020/06/02,23.4083,120.3104,1.18
"Lucao Township, Chiayi County",2017/03/07,23.41037,120.3109,0
"Lucao Township, Chiayi County",2017/03/14,23.41037,120.3109,0
"Lucao Township, Chiayi County",2017/03/21,23.41037,120.3109,0
"Lucao Township, Chiayi County",2017/03/28,23.41037,120.3109,0.8
"Lucao Township, Chiayi County",2017/04/04,23.41037,120.3109,10.4
"Lucao Township, Chiayi County",2017/04/11,23.41037,120.3109,11.6
"Lucao Township, Chiayi County",2017/04/18,23.41037,120.3109,14.4
"Lucao Township, Chiayi County",2017/04/25,23.41037,120.3109,11.2
"Lucao Township, Chiayi County",2017/05/02,23.41037,120.3109,18
"Lucao Township, Chiayi County",2017/05/09,23.41037,120.3109,13.2
"Lucao Township, Chiayi County",2017/05/16,23.41037,120.3109,10.4
"Lucao Township, Chiayi County",2017/05/23,23.41037,120.3109,9.6
"Lucao Township, Chiayi County",2017/05/30,23.41037,120.3109,9.2
"Shuixiang Township, Chiayi County",2017/02/16,23.4489,120.4135,0
"Shuixiang Township, Chiayi County",2017/02/23,23.4489,120.4135,0
"Shuixiang Township, Chiayi County",2017/03/02,23.4489,120.4135,0
"Shuixiang Township, Chiayi County",2017/03/09,23.4489,120.4135,0
"Shuixiang Township, Chiayi County",2017/03/16,23.4489,120.4135,0
"Shuixiang Township, Chiayi County",2017/03/23,23.4489,120.4135,5.2
"Shuixiang Township, Chiayi County",2017/03/30,23.4489,120.4135,3.2
"Shuixiang Township, Chiayi County",2017/04/06,23.4489,120.4135,4
"Shuixiang Township, Chiayi County",2017/04/13,23.4489,120.4135,4.4
"Shuixiang Township, Chiayi County",2017/04/20,23.4489,120.4135,7.6
"Shuixiang Township, Chiayi County",2017/04/27,23.4489,120.4135,15.6
"Shuixiang Township, Chiayi County",2017/05/04,23.4489,120.4135,11.6
"Shuixiang Township, Chiayi County",2017/05/11,23.4489,120.4135,6.4
"Shuixiang Township, Chiayi County",2017/05/18,23.4489,120.4135,8.8
"Shuixiang Township, Chiayi County",2017/05/25,23.4489,120.4135,10.8
"Shuixiang Township, Chiayi County",2018/02/22,23.44895,120.4135,0
"Shuixiang Township, Chiayi County",2018/03/01,23.44895,120.4135,0
"Shuixiang Township, Chiayi County",2018/03/08,23.44895,120.4135,0
"Shuixiang Township, Chiayi County",2018/03/15,23.44895,120.4135,0
"Shuixiang Township, Chiayi County",2018/03/22,23.44895,120.4135,0
"Shuixiang Township, Chiayi County",2018/03/29,23.44895,120.4135,0
"Shuixiang Township, Chiayi County",2018/04/05,23.44895,120.4135,4
"Shuixiang Township, Chiayi County",2018/04/12,23.44895,120.4135,6.9
"Shuixiang Township, Chiayi County",2018/04/19,23.44895,120.4135,7.7
"Shuixiang Township, Chiayi County",2018/04/26,23.44895,120.4135,7.92
"Shuixiang Township, Chiayi County",2018/05/03,23.44895,120.4135,19.2
"Shuixiang Township, Chiayi County",2018/05/10,23.44895,120.4135,25.3
"Shuixiang Township, Chiayi County",2018/05/17,23.44895,120.4135,11.1
"Shuixiang Township, Chiayi County",2018/05/24,23.44895,120.4135,14.8
"Shuixiang Township, Chiayi County",2018/05/31,23.44895,120.4135,23.5
"Shuixiang Township, Chiayi County",2018/06/07,23.44895,120.4135,40
"Taibao City, Chiayi County",2021/02/08,23.49281,120.3336,0
"Taibao City, Chiayi County",2021/02/20,23.49281,120.3336,0
"Taibao City, Chiayi County",2021/02/23,23.49281,120.3336,0
"Taibao City, Chiayi County",2021/03/02,23.49281,120.3336,0
"Taibao City, Chiayi County",2021/03/09,23.49281,120.3336,0
"Taibao City, Chiayi County",2021/03/16,23.49281,120.3336,0
"Taibao City, Chiayi County",2021/03/23,23.49281,120.3336,0.22
"Taibao City, Chiayi County",2021/03/30,23.49281,120.3336,0.42
"Taibao City, Chiayi County",2021/04/06,23.49281,120.3336,0.16
"Taibao City, Chiayi County",2021/04/13,23.49281,120.3336,0.14
"Taibao City, Chiayi County",2021/04/20,23.49281,120.3336,0
"Taibao City, Chiayi County",2021/04/27,23.49281,120.3336,0.24
"Taibao City, Chiayi County",2021/05/04,23.49281,120.3336,0.18
"Taibao City, Chiayi County",2021/05/11,23.49281,120.3336,0.06
"Taibao City, Chiayi County",2021/05/18,23.49281,120.3336,0.2
"Taibao City, Chiayi County",2021/05/25,23.49281,120.3336,0
"Taibao City, Chiayi County",2021/06/01,23.49281,120.3336,0.16
"Taibao City, Chiayi County",2021/06/08,23.49281,120.3336,0
"Taibao City, Chiayi County",2021/02/09,23.4928128,120.3335963,0
"Taibao City, Chiayi County",2021/02/20,23.4928128,120.3335963,0
"Taibao City, Chiayi County",2021/02/23,23.4928128,120.3335963,0
"Taibao City, Chiayi County",2021/03/02,23.4928128,120.3335963,0
"Taibao City, Chiayi County",2021/03/09,23.4928128,120.3335963,0
"Taibao City, Chiayi County",2021/03/16,23.4928128,120.3335963,0
"Taibao City, Chiayi County",2021/03/23,23.4928128,120.3335963,0.22
"Taibao City, Chiayi County",2021/03/30,23.4928128,120.3335963,0.42
"Taibao City, Chiayi County",2021/04/06,23.4928128,120.3335963,0.16
"Taibao City, Chiayi County",2021/04/13,23.4928128,120.3335963,0.14
"Taibao City, Chiayi County",2021/04/20,23.4928128,120.3335963,0
"Taibao City, Chiayi County",2021/04/27,23.4928128,120.3335963,0.24
"Taibao City, Chiayi County",2021/05/04,23.4928128,120.3335963,0.16
"Taibao City, Chiayi County",2021/05/11,23.4928128,120.3335963,0.02
"Taibao City, Chiayi County",2021/05/18,23.4928128,120.3335963,0.06
"Taibao City, Chiayi County",2021/05/25,23.4928128,120.3335963,0
"Taibao City, Chiayi County",2021/06/01,23.4928128,120.3335963,0.16
"Taibao City, Chiayi County",2021/06/08,23.4928128,120.3335963,0
"Xingang Township, Chiayi County",2021/02/09,23.526426,120.342707,0
"Xingang Township, Chiayi County",2021/02/20,23.526426,120.342707,0
"Xingang Township, Chiayi County",2021/02/23,23.526426,120.342707,0
"Xingang Township, Chiayi County",2021/03/02,23.526426,120.342707,0
"Xingang Township, Chiayi County",2021/03/09,23.526426,120.342707,0
"Xingang Township, Chiayi County",2021/03/16,23.526426,120.342707,0
"Xingang Township, Chiayi County",2021/03/23,23.526426,120.342707,0.38
"Xingang Township, Chiayi County",2021/03/30,23.526426,120.342707,1.8
"Xingang Township, Chiayi County",2021/04/06,23.526426,120.342707,1.54
"Xingang Township, Chiayi County",2021/04/13,23.526426,120.342707,3.04
"Xingang Township, Chiayi County",2021/04/20,23.526426,120.342707,1.68
"Xingang Township, Chiayi County",2021/04/27,23.526426,120.342707,1.08
"Xingang Township, Chiayi County",2021/05/04,23.526426,120.342707,0.74
"Xingang Township, Chiayi County",2021/05/11,23.526426,120.342707,0.34
"Xingang Township, Chiayi County",2021/05/18,23.526426,120.342707,0.6
"Xingang Township, Chiayi County",2021/05/25,23.526426,120.342707,0.42
"Xingang Township, Chiayi County",2021/06/01,23.526426,120.342707,0.02
"Xingang Township, Chiayi County",2019/02/12,23.53683,120.3592,0
"Xingang Township, Chiayi County",2019/02/19,23.53683,120.3592,0
"Xingang Township, Chiayi County",2019/02/26,23.53683,120.3592,0.34
"Xingang Township, Chiayi County",2019/03/05,23.53683,120.3592,2.98
"Xingang Township, Chiayi County",2019/03/12,23.53683,120.3592,2.46
"Xingang Township, Chiayi County",2019/03/19,23.53683,120.3592,7.24
"Xingang Township, Chiayi County",2019/03/26,23.53683,120.3592,3.4
"Xingang Township, Chiayi County",2019/04/02,23.53683,120.3592,2.34
"Xingang Township, Chiayi County",2019/04/09,23.53683,120.3592,3.6
"Xingang Township, Chiayi County",2019/04/16,23.53683,120.3592,3.94
"Xingang Township, Chiayi County",2019/04/23,23.53683,120.3592,1.68
"Xingang Township, Chiayi County",2019/04/30,23.53683,120.3592,1.82
"Xingang Township, Chiayi County",2019/05/07,23.53683,120.3592,1.26
"Xingang Township, Chiayi County",2019/05/14,23.53683,120.3592,0.94
"Xingang Township, Chiayi County",2019/05/21,23.53683,120.3592,1.18
"Xingang Township, Chiayi County",2019/05/28,23.53683,120.3592,0.54
"Xingang Township, Chiayi County",2020/02/11,23.53683,120.3592,0
"Xingang Township, Chiayi County",2020/02/17,23.53683,120.3592,0
"Xingang Township, Chiayi County",2020/02/25,23.53683,120.3592,0
"Xingang Township, Chiayi County",2020/03/03,23.53683,120.3592,0
"Xingang Township, Chiayi County",2020/03/10,23.53683,120.3592,0.3
"Xingang Township, Chiayi County",2020/03/17,23.53683,120.3592,0.04
"Xingang Township, Chiayi County",2020/03/24,23.53683,120.3592,0.56
"Xingang Township, Chiayi County",2020/03/31,23.53683,120.3592,4.06
"Xingang Township, Chiayi County",2020/04/07,23.53683,120.3592,3.76
"Xingang Township, Chiayi County",2020/04/14,23.53683,120.3592,4.84
"Xingang Township, Chiayi County",2020/04/21,23.53683,120.3592,2.2
"Xingang Township, Chiayi County",2020/04/28,23.53683,120.3592,2.2
"Xingang Township, Chiayi County",2020/05/04,23.53683,120.3592,0.82
"Xingang Township, Chiayi County",2020/05/12,23.53683,120.3592,0.66
"Xingang Township, Chiayi County",2020/05/19,23.53683,120.3592,0.3
"Xingang Township, Chiayi County",2020/05/26,23.53683,120.3592,0.44
"Xingang Township, Chiayi County",2020/06/02,23.53683,120.3592,0.08
"Xingang Township, Chiayi County",2020/06/09,23.53683,120.3592,0.48
"Xingang Township, Chiayi County",2021/02/08,23.53683,120.3592,0
"Xingang Township, Chiayi County",2021/02/20,23.53683,120.3592,0
"Xingang Township, Chiayi County",2021/02/23,23.53683,120.3592,0
"Xingang Township, Chiayi County",2021/03/02,23.53683,120.3592,0
"Xingang Township, Chiayi County",2021/03/09,23.53683,120.3592,0
"Xingang Township, Chiayi County",2021/03/16,23.53683,120.3592,0
"Xingang Township, Chiayi County",2021/03/23,23.53683,120.3592,0.38
"Xingang Township, Chiayi County",2021/03/30,23.53683,120.3592,1.8
"Xingang Township, Chiayi County",2021/04/06,23.53683,120.3592,1.54
"Xingang Township, Chiayi County",2021/04/13,23.53683,120.3592,3.04
"Xingang Township, Chiayi County",2021/04/20,23.53683,120.3592,1.68
"Xingang Township, Chiayi County",2021/04/27,23.53683,120.3592,1.08
"Xingang Township, Chiayi County",2021/05/04,23.53683,120.3592,0.74
"Xingang Township, Chiayi County",2021/05/11,23.53683,120.3592,0.34
"Xingang Township, Chiayi County",2021/05/18,23.53683,120.3592,0.6
"Xingang Township, Chiayi County",2021/05/25,23.53683,120.3592,0.42
"Xingang Township, Chiayi County",2021/06/01,23.53683,120.3592,0.02
"Minxiong Township, Chiayi County",2016/03/22,23.5681,120.4554,0.04
"Minxiong Township, Chiayi County",2016/03/29,23.5681,120.4554,0.04
"Minxiong Township, Chiayi County",2016/04/05,23.5681,120.4554,0.29
"Minxiong Township, Chiayi County",2016/04/12,23.5681,120.4554,0.305
"Minxiong Township, Chiayi County",2016/04/19,23.5681,120.4554,0.56
"Minxiong Township, Chiayi County",2016/04/26,23.5681,120.4554,0.605
"Minxiong Township, Chiayi County",2016/05/03,23.5681,120.4554,0.665
"Minxiong Township, Chiayi County",2016/05/10,23.5681,120.4554,0.53
"Minxiong Township, Chiayi County",2016/05/17,23.5681,120.4554,0.53
"Minxiong Township, Chiayi County",2016/05/24,23.5681,120.4554,0.18
"Minxiong Township, Chiayi County",2016/05/31,23.5681,120.4554,0.18
"Minxiong Township, Chiayi County",2016/06/07,23.5681,120.4554,0.065
"Minxiong Township, Chiayi County",2016/06/14,23.5681,120.4554,0.065
"Minxiong Township, Chiayi County",2015/03/27,23.56822,120.45,18
"Minxiong Township, Chiayi County",2015/04/03,23.56822,120.45,16
"Minxiong Township, Chiayi County",2015/04/10,23.56822,120.45,30.4
"Minxiong Township, Chiayi County",2015/04/17,23.56822,120.45,23.6
"Minxiong Township, Chiayi County",2015/04/24,23.56822,120.45,34
"Minxiong Township, Chiayi County",2015/05/01,23.56822,120.45,34.4
"Minxiong Township, Chiayi County",2015/05/08,23.56822,120.45,36
"Minxiong Township, Chiayi County",2015/05/15,23.56822,120.45,40
"Minxiong Township, Chiayi County",2015/05/22,23.56822,120.45,47.6
"Minxiong Township, Chiayi County",2015/05/29,23.56822,120.45,40
"Minxiong Township, Chiayi County",2015/06/05,23.56822,120.45,38
"Minxiong Township, Chiayi County",2017/03/07,23.56822,120.45,0
"Minxiong Township, Chiayi County",2017/03/14,23.56822,120.45,0
"Minxiong Township, Chiayi County",2017/03/21,23.56822,120.45,0
"Minxiong Township, Chiayi County",2017/03/28,23.56822,120.45,0.8
"Minxiong Township, Chiayi County",2017/04/04,23.56822,120.45,14.4
"Minxiong Township, Chiayi County",2017/04/11,23.56822,120.45,22
"Minxiong Township, Chiayi County",2017/04/18,23.56822,120.45,21.2
"Minxiong Township, Chiayi County",2017/04/25,23.56822,120.45,23.6
"Minxiong Township, Chiayi County",2017/05/02,23.56822,120.45,38.4
"Minxiong Township, Chiayi County",2017/05/09,23.56822,120.45,52.4
"Minxiong Township, Chiayi County",2017/05/16,23.56822,120.45,62
"Minxiong Township, Chiayi County",2017/05/23,23.56822,120.45,34.4
"Minxiong Township, Chiayi County",2017/05/30,23.56822,120.45,31.2
"Minxiong Township, Chiayi County",2017/06/06,23.56822,120.45,33.6
"Minxiong Township, Chiayi County",2017/06/13,23.56822,120.45,22.8
"Minxiong Township, Chiayi County",2018/02/22,23.56822,120.4478,0
"Minxiong Township, Chiayi County",2018/03/01,23.56822,120.4478,0
"Minxiong Township, Chiayi County",2018/03/08,23.56822,120.4478,0
"Minxiong Township, Chiayi County",2018/03/15,23.56822,120.4478,0
"Minxiong Township, Chiayi County",2018/03/22,23.56822,120.4478,0
"Minxiong Township, Chiayi County",2018/03/29,23.56822,120.4478,0.02
"Minxiong Township, Chiayi County",2018/04/05,23.56822,120.4478,5.34
"Minxiong Township, Chiayi County",2018/04/12,23.56822,120.4478,24.5
"Minxiong Township, Chiayi County",2018/04/19,23.56822,120.4478,18.7
"Minxiong Township, Chiayi County",2018/04/26,23.56822,120.4478,20.6
"Minxiong Township, Chiayi County",2018/05/03,23.56822,120.4478,22.5
"Minxiong Township, Chiayi County",2018/05/10,23.56822,120.4478,25.5
"Minxiong Township, Chiayi County",2018/05/17,23.56822,120.4478,24
"Minxiong Township, Chiayi County",2018/05/24,23.56822,120.4478,30.5
"Minxiong Township, Chiayi County",2018/05/31,23.56822,120.4478,37
"Minxiong Township, Chiayi County",2018/06/07,23.56822,120.4478,37.5
"Minxiong Township, Chiayi County",2019/01/27,23.56822,120.4478,0
"Minxiong Township, Chiayi County",2019/02/12,23.56822,120.4478,0
"Minxiong Township, Chiayi County",2019/02/19,23.56822,120.4478,0
"Minxiong Township, Chiayi County",2019/02/26,23.56822,120.4478,0
"Minxiong Township, Chiayi County",2019/03/05,23.56822,120.4478,0
"Minxiong Township, Chiayi County",2019/03/12,23.56822,120.4478,0
"Minxiong Township, Chiayi County",2019/03/19,23.56822,120.4478,1.92
"Minxiong Township, Chiayi County",2019/03/26,23.56822,120.4478,5.66
"Minxiong Township, Chiayi County",2019/04/02,23.56822,120.4478,3.56
"Minxiong Township, Chiayi County",2019/04/09,23.56822,120.4478,6.24
"Minxiong Township, Chiayi County",2019/04/16,23.56822,120.4478,11.2
"Minxiong Township, Chiayi County",2019/04/23,23.56822,120.4478,2.52
"Minxiong Township, Chiayi County",2019/04/30,23.56822,120.4478,2.24
"Minxiong Township, Chiayi County",2019/05/07,23.56822,120.4478,1.96
"Minxiong Township, Chiayi County",2019/05/14,23.56822,120.4478,1.2
"Minxiong Township, Chiayi County",2019/05/21,23.56822,120.4478,0.98
"Minxiong Township, Chiayi County",2019/05/28,23.56822,120.4478,1.18
"Minxiong Township, Chiayi County",2019/06/05,23.56822,120.4478,0.3
"Minxiong Township, Chiayi County",2020/02/11,23.56822,120.45,0
"Minxiong Township, Chiayi County",2020/02/17,23.56822,120.45,0
"Minxiong Township, Chiayi County",2020/02/25,23.56822,120.45,0
"Minxiong Township, Chiayi County",2020/03/03,23.56822,120.45,0
"Minxiong Township, Chiayi County",2020/03/10,23.56822,120.45,0
"Minxiong Township, Chiayi County",2020/03/17,23.56822,120.45,0
"Minxiong Township, Chiayi County",2020/03/24,23.56822,120.45,0.16
"Minxiong Township, Chiayi County",2020/03/31,23.56822,120.45,1.07
"Minxiong Township, Chiayi County",2020/04/07,23.56822,120.45,2.64
"Minxiong Township, Chiayi County",2020/04/14,23.56822,120.45,2.44
"Minxiong Township, Chiayi County",2020/04/21,23.56822,120.45,1.3
"Minxiong Township, Chiayi County",2020/04/28,23.56822,120.45,1.78
"Minxiong Township, Chiayi County",2020/05/05,23.56822,120.45,1.8
"Minxiong Township, Chiayi County",2020/05/12,23.56822,120.45,2.6
"Minxiong Township, Chiayi County",2020/05/19,23.56822,120.45,2.34
"Minxiong Township, Chiayi County",2020/05/26,23.56822,120.45,9.64
"Minxiong Township, Chiayi County",2020/06/02,23.56822,120.45,2.88
"Minxiong Township, Chiayi County",2021/02/02,23.56822,120.4478,0
"Minxiong Township, Chiayi County",2021/02/08,23.56822,120.4478,0
"Minxiong Township, Chiayi County",2021/02/20,23.56822,120.4478,0
"Minxiong Township, Chiayi County",2021/02/23,23.56822,120.4478,0
"Minxiong Township, Chiayi County",2021/03/02,23.56822,120.4478,0
"Minxiong Township, Chiayi County",2021/03/09,23.56822,120.4478,0
"Minxiong Township, Chiayi County",2021/03/16,23.56822,120.4478,0
"Minxiong Township, Chiayi County",2021/03/23,23.56822,120.4478,0
"Minxiong Township, Chiayi County",2021/03/30,23.56822,120.4478,0
"Minxiong Township, Chiayi County",2021/04/06,23.56822,120.4478,0.44
"Minxiong Township, Chiayi County",2021/04/13,23.56822,120.4478,0.74
"Minxiong Township, Chiayi County",2021/04/20,23.56822,120.4478,1.06
"Minxiong Township, Chiayi County",2021/04/27,23.56822,120.4478,0.76
"Minxiong Township, Chiayi County",2021/05/04,23.56822,120.4478,0.96
"Minxiong Township, Chiayi County",2021/05/11,23.56822,120.4478,0.58
"Minxiong Township, Chiayi County",2021/05/18,23.56822,120.4478,1
"Minxiong Township, Chiayi County",2021/05/25,23.56822,120.4478,0.38
"Minxiong Township, Chiayi County",2021/06/01,23.56822,120.4478,0.32
"Minxiong Township, Chiayi County",2021/06/08,23.56822,120.4478,0.16
"Dalin Township, Chiayi County",2014/04/01,23.5948,120.442,0
"Dalin Township, Chiayi County",2014/04/08,23.5948,120.442,0
"Dalin Township, Chiayi County",2014/04/15,23.5948,120.442,0
"Dalin Township, Chiayi County",2014/04/22,23.5948,120.442,56
"Dalin Township, Chiayi County",2014/04/29,23.5948,120.442,62.5
"Dalin Township, Chiayi County",2014/05/06,23.5948,120.442,56
"Dalin Township, Chiayi County",2014/05/13,23.5948,120.442,54
"Dalin Township, Chiayi County",2014/05/20,23.5948,120.442,39.5
"Dalin Township, Chiayi County",2014/05/27,23.5948,120.442,10.5
"Dalin Township, Chiayi County",2014/06/03,23.5948,120.442,1
"Dalin Township, Chiayi County",2015/03/27,23.5948,120.442,20
"Dalin Township, Chiayi County",2015/04/03,23.5948,120.442,26
"Dalin Township, Chiayi County",2015/04/10,23.5948,120.442,51.5
"Dalin Township, Chiayi County",2015/04/17,23.5948,120.442,38
"Dalin Township, Chiayi County",2015/04/24,23.5948,120.442,54
"Dalin Township, Chiayi County",2015/05/01,23.5948,120.442,51.5
"Dalin Township, Chiayi County",2015/05/08,23.5948,120.442,51.5
"Dalin Township, Chiayi County",2015/05/15,23.5948,120.442,55.5
"Dalin Township, Chiayi County",2015/05/22,23.5948,120.442,51
"Dalin Township, Chiayi County",2015/05/29,23.5948,120.442,56
"Dalin Township, Chiayi County",2015/06/05,23.5948,120.442,52
"Dalin Township, Chiayi County",2016/03/22,23.5948,120.442,0.035
"Dalin Township, Chiayi County",2016/03/29,23.5948,120.442,0.035
"Dalin Township, Chiayi County",2016/04/05,23.5948,120.442,0.27
"Dalin Township, Chiayi County",2016/04/12,23.5948,120.442,0.135
"Dalin Township, Chiayi County",2016/04/19,23.5948,120.442,0.275
"Dalin Township, Chiayi County",2016/04/26,23.5948,120.442,0.41
"Dalin Township, Chiayi County",2016/05/03,23.5948,120.442,0.41
"Dalin Township, Chiayi County",2016/05/10,23.5948,120.442,0.285
"Dalin Township, Chiayi County",2016/05/17,23.5948,120.442,0.195
"Dalin Township, Chiayi County",2016/05/24,23.5948,120.442,0.045
"Dalin Township, Chiayi County",2016/05/31,23.5948,120.442,0.045
"Dalin Township, Chiayi County",2016/06/07,23.5948,120.442,0.02
"Dalin Township, Chiayi County",2016/06/14,23.5948,120.442,0.02
"Dalin Township, Chiayi County",2017/03/07,23.5948,120.442,0
"Dalin Township, Chiayi County",2017/03/14,23.5948,120.442,0
"Dalin Township, Chiayi County",2017/03/21,23.5948,120.442,0
"Dalin Township, Chiayi County",2017/03/28,23.5948,120.442,0
"Dalin Township, Chiayi County",2017/04/04,23.5948,120.442,1.2
"Dalin Township, Chiayi County",2017/04/11,23.5948,120.442,4.8
"Dalin Township, Chiayi County",2017/04/18,23.5948,120.442,12.4
"Dalin Township, Chiayi County",2017/04/25,23.5948,120.442,9.6
"Dalin Township, Chiayi County",2017/05/02,23.5948,120.442,20
"Dalin Township, Chiayi County",2017/05/09,23.5948,120.442,18
"Dalin Township, Chiayi County",2017/05/16,23.5948,120.442,20
"Dalin Township, Chiayi County",2017/05/23,23.5948,120.442,13.6
"Dalin Township, Chiayi County",2017/05/30,23.5948,120.442,8
"Dalin Township, Chiayi County",2017/06/06,23.5948,120.442,8.4
"Dalin Township, Chiayi County",2017/06/13,23.5948,120.442,8.4
"Dalin Township, Chiayi County",2020/02/11,23.5948,120.442,0
"Dalin Township, Chiayi County",2020/02/17,23.5948,120.442,0
"Dalin Township, Chiayi County",2020/02/25,23.5948,120.442,0
"Dalin Township, Chiayi County",2020/03/03,23.5948,120.442,0
"Dalin Township, Chiayi County",2020/03/10,23.5948,120.442,0
"Dalin Township, Chiayi County",2020/03/17,23.5948,120.442,0
"Dalin Township, Chiayi County",2020/03/24,23.5948,120.442,0
"Dalin Township, Chiayi County",2020/03/31,23.5948,120.442,0
"Dalin Township, Chiayi County",2020/04/07,23.5948,120.442,0
"Dalin Township, Chiayi County",2020/04/15,23.5948,120.442,0
"Dalin Township, Chiayi County",2020/04/21,23.5948,120.442,0.28
"Dalin Township, Chiayi County",2020/04/28,23.5948,120.442,0.58
"Dalin Township, Chiayi County",2020/05/05,23.5948,120.442,0.82
"Dalin Township, Chiayi County",2020/05/12,23.5948,120.442,0.5
"Dalin Township, Chiayi County",2020/05/19,23.5948,120.442,0.26
"Dalin Township, Chiayi County",2020/05/26,23.5948,120.442,0.8
"Dalin Township, Chiayi County",2020/06/02,23.5948,120.442,0.08
"Dalin Township, Chiayi County",2021/02/09,23.5948,120.442,0
"Dalin Township, Chiayi County",2021/02/20,23.5948,120.442,0
"Dalin Township, Chiayi County",2021/02/23,23.5948,120.442,0
"Dalin Township, Chiayi County",2021/03/02,23.5948,120.442,0
"Dalin Township, Chiayi County",2021/03/09,23.5948,120.442,0
"Dalin Township, Chiayi County",2021/03/16,23.5948,120.442,0
"Dalin Township, Chiayi County",2021/03/23,23.5948,120.442,0
"Dalin Township, Chiayi County",2021/03/30,23.5948,120.442,0
"Dalin Township, Chiayi County",2021/04/06,23.5948,120.442,1.1
"Dalin Township, Chiayi County",2021/04/13,23.5948,120.442,1.1
"Dalin Township, Chiayi County",2021/04/20,23.5948,120.442,2.5
"Dalin Township, Chiayi County",2021/04/27,23.5948,120.442,2.78
"Dalin Township, Chiayi County",2021/05/04,23.5948,120.442,2.2
"Dalin Township, Chiayi County",2021/05/11,23.5948,120.442,0.84
"Dalin Township, Chiayi County",2021/05/18,23.5948,120.442,0.38
"Dalin Township, Chiayi County",2021/05/25,23.5948,120.442,0
"Dalin Township, Chiayi County",2021/06/01,23.5948,120.442,0
"Dalin Township, Chiayi County",2018/02/22,23.59553,120.4418,0
"Dalin Township, Chiayi County",2018/03/01,23.59553,120.4418,0
"Dalin Township, Chiayi County",2018/03/08,23.59553,120.4418,0
"Dalin Township, Chiayi County",2018/03/15,23.59553,120.4418,0
"Dalin Township, Chiayi County",2018/03/22,23.59553,120.4418,0
"Dalin Township, Chiayi County",2018/03/29,23.59553,120.4418,0
"Dalin Township, Chiayi County",2018/04/05,23.59553,120.4418,2.18
"Dalin Township, Chiayi County",2018/04/12,23.59553,120.4418,2.2
"Dalin Township, Chiayi County",2018/04/19,23.59553,120.4418,10.2
"Dalin Township, Chiayi County",2018/04/26,23.59553,120.4418,23.2
"Dalin Township, Chiayi County",2018/05/03,23.59553,120.4418,16.38
"Dalin Township, Chiayi County",2018/05/10,23.59553,120.4418,20.5
"Dalin Township, Chiayi County",2018/05/17,23.59553,120.4418,15.8
"Dalin Township, Chiayi County",2018/05/24,23.59553,120.4418,12.34
"Dalin Township, Chiayi County",2018/05/31,23.59553,120.4418,21.4
"Dalin Township, Chiayi County",2018/06/07,23.59553,120.4418,20.2
"Dalin Township, Chiayi County",2019/01/27,23.59553,120.4418,0
"Dalin Township, Chiayi County",2019/02/12,23.59553,120.4418,0
"Dalin Township, Chiayi County",2019/02/19,23.59553,120.4418,0
"Dalin Township, Chiayi County",2019/02/26,23.59553,120.4418,0
"Dalin Township, Chiayi County",2019/03/05,23.59553,120.4418,0
"Dalin Township, Chiayi County",2019/03/12,23.59553,120.4418,0
"Dalin Township, Chiayi County",2019/03/19,23.59553,120.4418,1
"Dalin Township, Chiayi County",2019/03/26,23.59553,120.4418,1.1
"Dalin Township, Chiayi County",2019/04/02,23.59553,120.4418,0.46
"Dalin Township, Chiayi County",2019/04/09,23.59553,120.4418,1.36
"Dalin Township, Chiayi County",2019/04/16,23.59553,120.4418,0.58
"Dalin Township, Chiayi County",2019/04/23,23.59553,120.4418,1.06
"Dalin Township, Chiayi County",2019/04/30,23.59553,120.4418,1.06
"Dalin Township, Chiayi County",2019/05/07,23.59553,120.4418,0.5
"Dalin Township, Chiayi County",2019/05/14,23.59553,120.4418,0.36
"Dalin Township, Chiayi County",2019/05/21,23.59553,120.4418,0.1
"Minxiong Township, Chiayi County",2021/02/02,23.601583,120.445133,0
"Minxiong Township, Chiayi County",2021/02/09,23.601583,120.445133,0
"Minxiong Township, Chiayi County",2021/02/20,23.601583,120.445133,0
"Minxiong Township, Chiayi County",2021/02/23,23.601583,120.445133,0
"Minxiong Township, Chiayi County",2021/03/02,23.601583,120.445133,0
"Minxiong Township, Chiayi County",2021/03/09,23.601583,120.445133,0
"Minxiong Township, Chiayi County",2021/03/16,23.601583,120.445133,0
"Minxiong Township, Chiayi County",2021/03/23,23.601583,120.445133,0
"Minxiong Township, Chiayi County",2021/03/30,23.601583,120.445133,0
"Minxiong Township, Chiayi County",2021/04/06,23.601583,120.445133,0
"Minxiong Township, Chiayi County",2021/04/13,23.601583,120.445133,0
"Minxiong Township, Chiayi County",2021/04/20,23.601583,120.445133,32
"Minxiong Township, Chiayi County",2021/04/27,23.601583,120.445133,32
"Minxiong Township, Chiayi County",2021/05/04,23.601583,120.445133,18
"Minxiong Township, Chiayi County",2021/05/11,23.601583,120.445133,0
"Minxiong Township, Chiayi County",2021/05/18,23.601583,120.445133,22
"Minxiong Township, Chiayi County",2021/05/25,23.601583,120.445133,22
"Minxiong Township, Chiayi County",2021/06/01,23.601583,120.445133,14
"Minxiong Township, Chiayi County",2021/06/08,23.601583,120.445133,4
"Dounan Town, Yunlin County",2015/03/27,23.68567,120.4589,1.2
"Dounan Town, Yunlin County",2015/04/03,23.68567,120.4589,2.4
"Dounan Town, Yunlin County",2015/04/10,23.68567,120.4589,21.2
"Dounan Town, Yunlin County",2015/04/17,23.68567,120.4589,12.8
"Dounan Town, Yunlin County",2015/04/24,23.68567,120.4589,27.2
"Dounan Town, Yunlin County",2015/05/01,23.68567,120.4589,20.8
"Dounan Town, Yunlin County",2015/05/08,23.68567,120.4589,21.2
"Dounan Town, Yunlin County",2015/05/15,23.68567,120.4589,22.8
"Dounan Town, Yunlin County",2015/05/22,23.68567,120.4589,32
"Dounan Town, Yunlin County",2015/05/29,23.68567,120.4589,27.6
"Dounan Town, Yunlin County",2015/06/05,23.68567,120.4589,21.2
"Dounan Town, Yunlin County",2015/06/12,23.68567,120.4589,29.2
"Dounan Town, Yunlin County",2016/03/22,23.68567,120.4589,0
"Dounan Town, Yunlin County",2016/03/29,23.68567,120.4589,0
"Dounan Town, Yunlin County",2016/04/05,23.68567,120.4589,0.125
"Dounan Town, Yunlin County",2016/04/12,23.68567,120.4589,0.145
"Dounan Town, Yunlin County",2016/04/19,23.68567,120.4589,0.38
"Dounan Town, Yunlin County",2016/04/26,23.68567,120.4589,0.615
"Dounan Town, Yunlin County",2016/05/03,23.68567,120.4589,0.752
"Dounan Town, Yunlin County",2016/05/10,23.68567,120.4589,0.485
"Dounan Town, Yunlin County",2016/05/17,23.68567,120.4589,0.435
"Dounan Town, Yunlin County",2016/05/24,23.68567,120.4589,0.395
"Dounan Town, Yunlin County",2016/05/31,23.68567,120.4589,0.395
"Dounan Town, Yunlin County",2016/06/07,23.68567,120.4589,0.075
"Dounan Town, Yunlin County",2016/06/14,23.68567,120.4589,0.075
"Dounan Town, Yunlin County",2017/03/07,23.68567,120.4589,0
"Dounan Town, Yunlin County",2017/03/14,23.68567,120.4589,0
"Dounan Town, Yunlin County",2017/03/21,23.68567,120.4589,0
"Dounan Town, Yunlin County",2017/03/28,23.68567,120.4589,0
"Dounan Town, Yunlin County",2017/04/04,23.68567,120.4589,2.4
"Dounan Town, Yunlin County",2017/04/11,23.68567,120.4589,5.2
"Dounan Town, Yunlin County",2017/04/18,23.68567,120.4589,19.6
"Dounan Town, Yunlin County",2017/04/25,23.68567,120.4589,20
"Dounan Town, Yunlin County",2017/05/02,23.68567,120.4589,25.2
"Dounan Town, Yunlin County",2017/05/09,23.68567,120.4589,28
"Dounan Town, Yunlin County",2017/05/16,23.68567,120.4589,22
"Dounan Town, Yunlin County",2017/05/23,23.68567,120.4589,23.6
"Dounan Town, Yunlin County",2017/05/30,23.68567,120.4589,11.2
"Dounan Town, Yunlin County",2017/06/06,23.68567,120.4589,8.4
"Dounan Town, Yunlin County",2017/06/13,23.68567,120.4589,8.4
"Dounan Town, Yunlin County",2018/02/22,23.68567,120.4567,0
"Dounan Town, Yunlin County",2018/03/01,23.68567,120.4567,0
"Dounan Town, Yunlin County",2018/03/08,23.68567,120.4567,0
"Dounan Town, Yunlin County",2018/03/15,23.68567,120.4567,0
"Dounan Town, Yunlin County",2018/03/22,23.68567,120.4567,0
"Dounan Town, Yunlin County",2018/03/29,23.68567,120.4567,0
"Dounan Town, Yunlin County",2018/04/05,23.68567,120.4567,0.04
"Dounan Town, Yunlin County",2018/04/12,23.68567,120.4567,0.76
"Dounan Town, Yunlin County",2018/04/19,23.68567,120.4567,3.72
"Dounan Town, Yunlin County",2018/04/26,23.68567,120.4567,4.8
"Dounan Town, Yunlin County",2018/05/03,23.68567,120.4567,3.16
"Dounan Town, Yunlin County",2018/05/10,23.68567,120.4567,5.44
"Dounan Town, Yunlin County",2018/05/17,23.68567,120.4567,7.5
"Dounan Town, Yunlin County",2018/05/24,23.68567,120.4567,8.1
"Dounan Town, Yunlin County",2018/05/31,23.68567,120.4567,5.9
"Dounan Town, Yunlin County",2018/06/07,23.68567,120.4567,3.5
"Dounan Town, Yunlin County",2019/02/19,23.68567,120.4589,0
"Dounan Town, Yunlin County",2019/02/26,23.68567,120.4589,0
"Dounan Town, Yunlin County",2019/03/05,23.68567,120.4589,3
"Dounan Town, Yunlin County",2019/03/12,23.68567,120.4589,2.94
"Dounan Town, Yunlin County",2019/03/19,23.68567,120.4589,15.26
"Dounan Town, Yunlin County",2019/03/26,23.68567,120.4589,3.58
"Dounan Town, Yunlin County",2019/04/02,23.68567,120.4589,3.42
"Dounan Town, Yunlin County",2019/04/09,23.68567,120.4589,2.6
"Dounan Town, Yunlin County",2019/04/16,23.68567,120.4589,5.12
"Dounan Town, Yunlin County",2019/04/23,23.68567,120.4589,2.68
"Dounan Town, Yunlin County",2019/04/30,23.68567,120.4589,2.24
"Dounan Town, Yunlin County",2019/05/07,23.68567,120.4589,1.76
"Dounan Town, Yunlin County",2019/05/14,23.68567,120.4589,0.54
"Dounan Town, Yunlin County",2019/05/21,23.68567,120.4589,0.68
"Dounan Town, Yunlin County",2019/05/28,23.68567,120.4589,0.42
"Dounan Town, Yunlin County",2020/03/10,23.68567,120.4589,0
"Dounan Town, Yunlin County",2020/03/17,23.68567,120.4589,0
"Dounan Town, Yunlin County",2020/03/24,23.68567,120.4589,0
"Dounan Town, Yunlin County",2020/03/31,23.68567,120.4589,0
"Dounan Town, Yunlin County",2020/04/07,23.68567,120.4589,0
"Dounan Town, Yunlin County",2020/04/15,23.68567,120.4589,0
"Dounan Town, Yunlin County",2020/04/21,23.68567,120.4589,1.7
"Dounan Town, Yunlin County",2020/04/28,23.68567,120.4589,1.6
"Dounan Town, Yunlin County",2020/05/05,23.68567,120.4589,1.66
"Dounan Town, Yunlin County",2020/05/12,23.68567,120.4589,2.38
"Dounan Town, Yunlin County",2020/05/19,23.68567,120.4589,1.14
"Dounan Town, Yunlin County",2020/05/26,23.68567,120.4589,0.4
"Dounan Town, Yunlin County",2021/03/16,23.68567,120.4589,0
"Dounan Town, Yunlin County",2021/03/23,23.68567,120.4589,0
"Dounan Town, Yunlin County",2021/03/30,23.68567,120.4589,0
"Dounan Town, Yunlin County",2021/04/06,23.68567,120.4589,0
"Dounan Town, Yunlin County",2021/04/13,23.68567,120.4589,0
"Dounan Town, Yunlin County",2021/04/20,23.68567,120.4589,0
"Dounan Town, Yunlin County",2021/04/27,23.68567,120.4589,0.46
"Dounan Town, Yunlin County",2021/05/04,23.68567,120.4589,0.98
"Dounan Town, Yunlin County",2021/05/11,23.68567,120.4589,0.64
"Dounan Town, Yunlin County",2021/05/18,23.68567,120.4589,0.4
"Dounan Town, Yunlin County",2021/05/25,23.68567,120.4589,0.48
"Dounan Town, Yunlin County",2021/03/16,23.686056,120.459833,0
"Dounan Town, Yunlin County",2021/03/23,23.686056,120.459833,0
"Dounan Town, Yunlin County",2021/03/30,23.686056,120.459833,0
"Dounan Town, Yunlin County",2021/04/06,23.686056,120.459833,0
"Dounan Town, Yunlin County",2021/04/13,23.686056,120.459833,0
"Dounan Town, Yunlin County",2021/04/20,23.686056,120.459833,0
"Dounan Town, Yunlin County",2021/04/27,23.686056,120.459833,0.46
"Dounan Town, Yunlin County",2021/05/04,23.686056,120.459833,0.98
"Dounan Town, Yunlin County",2021/05/11,23.686056,120.459833,0.64
"Dounan Town, Yunlin County",2021/05/18,23.686056,120.459833,0.4
"Dounan Town, Yunlin County",2021/05/25,23.686056,120.459833,0.48
"Linnei Township, Yunlin County",2015/03/27,23.76763,120.6111,0.4
"Linnei Township, Yunlin County",2015/04/03,23.76763,120.6111,0.4
"Linnei Township, Yunlin County",2015/04/10,23.76763,120.6111,0.8
"Linnei Township, Yunlin County",2015/04/17,23.76763,120.6111,2
"Linnei Township, Yunlin County",2015/04/24,23.76763,120.6111,1.2
"Linnei Township, Yunlin County",2015/05/01,23.76763,120.6111,1.6
"Linnei Township, Yunlin County",2015/05/08,23.76763,120.6111,3.2
"Linnei Township, Yunlin County",2015/05/15,23.76763,120.6111,20
"Linnei Township, Yunlin County",2015/05/22,23.76763,120.6111,20.4
"Linnei Township, Yunlin County",2015/05/29,23.76763,120.6111,20
"Linnei Township, Yunlin County",2015/06/05,23.76763,120.6111,20
"Linnei Township, Yunlin County",2016/03/22,23.76763,120.6111,0.035
"Linnei Township, Yunlin County",2016/03/29,23.76763,120.6111,0.035
"Linnei Township, Yunlin County",2016/04/05,23.76763,120.6111,0.075
"Linnei Township, Yunlin County",2016/04/12,23.76763,120.6111,0.185
"Linnei Township, Yunlin County",2016/04/19,23.76763,120.6111,0.365
"Linnei Township, Yunlin County",2016/04/26,23.76763,120.6111,0.41
"Linnei Township, Yunlin County",2016/05/03,23.76763,120.6111,0.225
"Linnei Township, Yunlin County",2016/05/10,23.76763,120.6111,0.265
"Linnei Township, Yunlin County",2016/05/17,23.76763,120.6111,0.19
"Linnei Township, Yunlin County",2016/05/24,23.76763,120.6111,0.06
"Linnei Township, Yunlin County",2016/05/31,23.76763,120.6111,0.06
"Linnei Township, Yunlin County",2017/03/07,23.76763,120.6111,0
"Linnei Township, Yunlin County",2017/03/14,23.76763,120.6111,0
"Linnei Township, Yunlin County",2017/03/21,23.76763,120.6111,0
"Linnei Township, Yunlin County",2017/03/28,23.76763,120.6111,0.8
"Linnei Township, Yunlin County",2017/04/04,23.76763,120.6111,1.2
"Linnei Township, Yunlin County",2017/04/11,23.76763,120.6111,2.8
"Linnei Township, Yunlin County",2017/04/18,23.76763,120.6111,3.6
"Linnei Township, Yunlin County",2017/04/25,23.76763,120.6111,9.2
"Linnei Township, Yunlin County",2017/05/02,23.76763,120.6111,14
"Linnei Township, Yunlin County",2017/05/09,23.76763,120.6111,10.4
"Linnei Township, Yunlin County",2017/05/16,23.76763,120.6111,18
"Linnei Township, Yunlin County",2017/05/23,23.76763,120.6111,11.2
"Linnei Township, Yunlin County",2017/05/30,23.76763,120.6111,12
"Linnei Township, Yunlin County",2017/06/06,23.76763,120.6111,8.4
"Linnei Township, Yunlin County",2017/06/13,23.76763,120.6111,8.4
"Linnei Township, Yunlin County",2019/02/12,23.76763,120.6111,0
"Linnei Township, Yunlin County",2019/02/19,23.76763,120.6111,0
"Linnei Township, Yunlin County",2019/02/26,23.76763,120.6111,0
"Linnei Township, Yunlin County",2019/03/05,23.76763,120.6111,0
"Linnei Township, Yunlin County",2019/03/12,23.76763,120.6111,0
"Linnei Township, Yunlin County",2019/03/19,23.76763,120.6111,1
"Linnei Township, Yunlin County",2019/03/26,23.76763,120.6111,1.1
"Linnei Township, Yunlin County",2019/04/02,23.76763,120.6111,0.46
"Linnei Township, Yunlin County",2019/04/09,23.76763,120.6111,1.36
"Linnei Township, Yunlin County",2019/04/16,23.76763,120.6111,0.58
"Linnei Township, Yunlin County",2019/04/23,23.76763,120.6111,1.06
"Linnei Township, Yunlin County",2019/04/30,23.76763,120.6111,1.06
"Linnei Township, Yunlin County",2019/05/07,23.76763,120.6111,0.5
"Linnei Township, Yunlin County",2019/05/14,23.76763,120.6111,0.36
"Linnei Township, Yunlin County",2019/05/21,23.76763,120.6111,0.1
"Linnei Township, Yunlin County",2020/02/11,23.76763,120.6111,0
"Linnei Township, Yunlin County",2020/02/17,23.76763,120.6111,0
"Linnei Township, Yunlin County",2020/02/25,23.76763,120.6111,0
"Linnei Township, Yunlin County",2020/03/03,23.76763,120.6111,0.94
"Linnei Township, Yunlin County",2020/03/10,23.76763,120.6111,3.46
"Linnei Township, Yunlin County",2020/03/17,23.76763,120.6111,0.88
"Linnei Township, Yunlin County",2020/03/24,23.76763,120.6111,1.48
"Linnei Township, Yunlin County",2020/03/31,23.76763,120.6111,0.44
"Linnei Township, Yunlin County",2020/04/07,23.76763,120.6111,0.1
"Linnei Township, Yunlin County",2020/04/15,23.76763,120.6111,0.04
"Linnei Township, Yunlin County",2020/04/21,23.76763,120.6111,0.12
"Linnei Township, Yunlin County",2020/04/28,23.76763,120.6111,0.1
"Linnei Township, Yunlin County",2020/05/05,23.76763,120.6111,0.18
"Linnei Township, Yunlin County",2020/05/12,23.76763,120.6111,0.5
"Linnei Township, Yunlin County",2020/05/19,23.76763,120.6111,0.4
"Linnei Township, Yunlin County",2021/01/28,23.76763,120.6111,0
"Linnei Township, Yunlin County",2021/02/02,23.76763,120.6111,0
"Linnei Township, Yunlin County",2021/02/09,23.76763,120.6111,0
"Linnei Township, Yunlin County",2021/02/20,23.76763,120.6111,0
"Linnei Township, Yunlin County",2021/02/23,23.76763,120.6111,0
"Linnei Township, Yunlin County",2021/03/02,23.76763,120.6111,0
"Linnei Township, Yunlin County",2021/03/09,23.76763,120.6111,0
"Linnei Township, Yunlin County",2021/03/16,23.76763,120.6111,0
"Linnei Township, Yunlin County",2021/03/23,23.76763,120.6111,0
"Linnei Township, Yunlin County",2021/03/30,23.76763,120.6111,0.92
"Linnei Township, Yunlin County",2021/04/06,23.76763,120.6111,0.46
"Linnei Township, Yunlin County",2021/04/13,23.76763,120.6111,1
"Linnei Township, Yunlin County",2021/04/20,23.76763,120.6111,0.98
"Linnei Township, Yunlin County",2021/04/27,23.76763,120.6111,0.62
"Linnei Township, Yunlin County",2021/05/04,23.76763,120.6111,0.52
"Linnei Township, Yunlin County",2021/05/11,23.76763,120.6111,0.22
"Linnei Township, Yunlin County",2021/05/18,23.76763,120.6111,0.12
"Linnei Township, Yunlin County",2018/02/22,23.76764,120.6089,0
"Linnei Township, Yunlin County",2018/03/01,23.76764,120.6089,0
"Linnei Township, Yunlin County",2018/03/08,23.76764,120.6089,0
"Linnei Township, Yunlin County",2018/03/15,23.76764,120.6089,0
"Linnei Township, Yunlin County",2018/03/22,23.76764,120.6089,0
"Linnei Township, Yunlin County",2018/03/29,23.76764,120.6089,0
"Linnei Township, Yunlin County",2018/04/05,23.76764,120.6089,4.96
"Linnei Township, Yunlin County",2018/04/12,23.76764,120.6089,3.12
"Linnei Township, Yunlin County",2018/04/19,23.76764,120.6089,5.22
"Linnei Township, Yunlin County",2018/04/26,23.76764,120.6089,4.78
"Linnei Township, Yunlin County",2018/05/03,23.76764,120.6089,6.6
"Linnei Township, Yunlin County",2018/05/10,23.76764,120.6089,7.74
"Linnei Township, Yunlin County",2018/05/17,23.76764,120.6089,9.12
"Linnei Township, Yunlin County",2018/05/24,23.76764,120.6089,9.96
"Linnei Township, Yunlin County",2018/05/31,23.76764,120.6089,18.8
"Linnei Township, Yunlin County",2018/06/07,23.76764,120.6089,18.1
"Linnei Township, Yunlin County",2021/02/02,23.774722,120.591361,0
"Linnei Township, Yunlin County",2021/02/09,23.774722,120.591361,0
"Linnei Township, Yunlin County",2021/02/20,23.774722,120.591361,0
"Linnei Township, Yunlin County",2021/02/23,23.774722,120.591361,0
"Linnei Township, Yunlin County",2021/03/02,23.774722,120.591361,0
"Linnei Township, Yunlin County",2021/03/09,23.774722,120.591361,0
"Linnei Township, Yunlin County",2021/03/16,23.774722,120.591361,0
"Linnei Township, Yunlin County",2021/03/23,23.774722,120.591361,0
"Linnei Township, Yunlin County",2021/03/30,23.774722,120.591361,0.92
"Linnei Township, Yunlin County",2021/04/06,23.774722,120.591361,0.46
"Linnei Township, Yunlin County",2021/04/13,23.774722,120.591361,0.56
"Linnei Township, Yunlin County",2021/04/20,23.774722,120.591361,0.44
"Linnei Township, Yunlin County",2021/04/27,23.774722,120.591361,0.38
"Linnei Township, Yunlin County",2021/05/04,23.774722,120.591361,0.38
"Linnei Township, Yunlin County",2021/05/11,23.774722,120.591361,0.22
"Linnei Township, Yunlin County",2021/05/18,23.774722,120.591361,0.12
"Linnei Township, Yunlin County",2021/05/25,23.774722,120.591361,0.06
"Yutong Township, Yunlin County",2015/03/27,23.77937,120.5091,0.8
"Yutong Township, Yunlin County",2015/04/03,23.77937,120.5091,6.4
"Yutong Township, Yunlin County",2015/04/10,23.77937,120.5091,34
"Yutong Township, Yunlin County",2015/04/17,23.77937,120.5091,39.2
"Yutong Township, Yunlin County",2015/04/24,23.77937,120.5091,52.8
"Yutong Township, Yunlin County",2015/05/01,23.77937,120.5091,42.4
"Yutong Township, Yunlin County",2015/05/08,23.77937,120.5091,47.2
"Yutong Township, Yunlin County",2015/05/15,23.77937,120.5091,43.6
"Yutong Township, Yunlin County",2015/05/22,23.77937,120.5091,36
"Yutong Township, Yunlin County",2015/05/29,23.77937,120.5091,40
"Yutong Township, Yunlin County",2015/06/05,23.77937,120.5091,22
"Yutong Township, Yunlin County",2015/06/12,23.77937,120.5091,25.6
"Yutong Township, Yunlin County",2016/03/22,23.77937,120.5091,0.02
"Yutong Township, Yunlin County",2016/03/29,23.77937,120.5091,0.04
"Yutong Township, Yunlin County",2016/04/05,23.77937,120.5091,0.04
"Yutong Township, Yunlin County",2016/04/12,23.77937,120.5091,0.23
"Yutong Township, Yunlin County",2016/04/19,23.77937,120.5091,0.155
"Yutong Township, Yunlin County",2016/04/26,23.77937,120.5091,0.55
"Yutong Township, Yunlin County",2016/05/03,23.77937,120.5091,0.605
"Yutong Township, Yunlin County",2016/05/10,23.77937,120.5091,0.665
"Yutong Township, Yunlin County",2016/05/17,23.77937,120.5091,0.53
"Yutong Township, Yunlin County",2016/05/24,23.77937,120.5091,0.53
"Yutong Township, Yunlin County",2016/05/31,23.77937,120.5091,0.18
"Yutong Township, Yunlin County",2016/06/07,23.77937,120.5091,0.18
"Yutong Township, Yunlin County",2016/06/14,23.77937,120.5091,0.035
"Yutong Township, Yunlin County",2017/03/07,23.77937,120.5091,0
"Yutong Township, Yunlin County",2017/03/14,23.77937,120.5091,0
"Yutong Township, Yunlin County",2017/03/21,23.77937,120.5091,0
"Yutong Township, Yunlin County",2017/03/28,23.77937,120.5091,0
"Yutong Township, Yunlin County",2017/04/04,23.77937,120.5091,3.4
"Yutong Township, Yunlin County",2017/04/11,23.77937,120.5091,9.2
"Yutong Township, Yunlin County",2017/04/18,23.77937,120.5091,16.4
"Yutong Township, Yunlin County",2017/04/25,23.77937,120.5091,17.2
"Yutong Township, Yunlin County",2017/05/02,23.77937,120.5091,18
"Yutong Township, Yunlin County",2017/05/09,23.77937,120.5091,19.2
"Yutong Township, Yunlin County",2017/05/16,23.77937,120.5091,16.4
"Yutong Township, Yunlin County",2017/05/23,23.77937,120.5091,10.8
"Yutong Township, Yunlin County",2017/05/30,23.77937,120.5091,10
"Yutong Township, Yunlin County",2017/06/06,23.77937,120.5091,8.4
"Yutong Township, Yunlin County",2018/02/22,23.77937,120.5069,0
"Yutong Township, Yunlin County",2018/03/01,23.77937,120.5069,0
"Yutong Township, Yunlin County",2018/03/08,23.77937,120.5069,0
"Yutong Township, Yunlin County",2018/03/15,23.77937,120.5069,0
"Yutong Township, Yunlin County",2018/03/22,23.77937,120.5069,0
"Yutong Township, Yunlin County",2018/03/29,23.77937,120.5069,0
"Yutong Township, Yunlin County",2018/04/05,23.77937,120.5069,1.2
"Yutong Township, Yunlin County",2018/04/12,23.77937,120.5069,4
"Yutong Township, Yunlin County",2018/04/19,23.77937,120.5069,19.2
"Yutong Township, Yunlin County",2018/04/26,23.77937,120.5069,35.2
"Yutong Township, Yunlin County",2018/05/03,23.77937,120.5069,24
"Yutong Township, Yunlin County",2018/05/10,23.77937,120.5069,36
"Yutong Township, Yunlin County",2018/05/17,23.77937,120.5069,22
"Yutong Township, Yunlin County",2018/05/24,23.77937,120.5069,22
"Yutong Township, Yunlin County",2018/05/31,23.77937,120.5069,40
"Yutong Township, Yunlin County",2018/06/07,23.77937,120.5069,40
"Yutong Township, Yunlin County",2019/02/12,23.77937,120.5069,0
"Yutong Township, Yunlin County",2019/02/19,23.77937,120.5069,0
"Yutong Township, Yunlin County",2019/02/26,23.77937,120.5069,0
"Yutong Township, Yunlin County",2019/03/05,23.77937,120.5069,0
"Yutong Township, Yunlin County",2019/03/12,23.77937,120.5069,0
"Yutong Township, Yunlin County",2019/03/19,23.77937,120.5069,0.54
"Yutong Township, Yunlin County",2019/03/26,23.77937,120.5069,4.38
"Yutong Township, Yunlin County",2019/04/02,23.77937,120.5069,13
"Yutong Township, Yunlin County",2019/04/09,23.77937,120.5069,7.94
"Yutong Township, Yunlin County",2019/04/16,23.77937,120.5069,10.52
"Yutong Township, Yunlin County",2019/04/23,23.77937,120.5069,2.62
"Yutong Township, Yunlin County",2019/04/30,23.77937,120.5069,2.36
"Yutong Township, Yunlin County",2019/05/07,23.77937,120.5069,1.36
"Yutong Township, Yunlin County",2020/02/11,23.77937,120.5091,0
"Yutong Township, Yunlin County",2020/02/17,23.77937,120.5091,0
"Yutong Township, Yunlin County",2020/02/25,23.77937,120.5091,0
"Yutong Township, Yunlin County",2020/03/03,23.77937,120.5091,0
"Yutong Township, Yunlin County",2020/03/10,23.77937,120.5091,0
"Yutong Township, Yunlin County",2020/03/17,23.77937,120.5091,0
"Yutong Township, Yunlin County",2020/03/24,23.77937,120.5091,1.44
"Yutong Township, Yunlin County",2020/03/31,23.77937,120.5091,0.36
"Yutong Township, Yunlin County",2020/04/07,23.77937,120.5091,0.34
"Yutong Township, Yunlin County",2020/04/14,23.77937,120.5091,0.32
"Yutong Township, Yunlin County",2020/04/21,23.77937,120.5091,1.1
"Yutong Township, Yunlin County",2020/04/28,23.77937,120.5091,1.16
"Yutong Township, Yunlin County",2020/05/05,23.77937,120.5091,1.32
"Yutong Township, Yunlin County",2020/05/12,23.77937,120.5091,1
"Yutong Township, Yunlin County",2020/05/19,23.77937,120.5091,1.12
"Yutong Township, Yunlin County",2020/05/26,23.77937,120.5091,0.28
"Yutong Township, Yunlin County",2020/06/02,23.77937,120.5091,0.2
"Yutong Township, Yunlin County",2021/03/16,23.77937,120.5091,0
"Yutong Township, Yunlin County",2021/03/23,23.77937,120.5091,1.16
"Yutong Township, Yunlin County",2021/03/30,23.77937,120.5091,14.02
"Yutong Township, Yunlin County",2021/04/06,23.77937,120.5091,15.36
"Yutong Township, Yunlin County",2021/04/13,23.77937,120.5091,13.7
"Yutong Township, Yunlin County",2021/04/20,23.77937,120.5091,13.54
"Yutong Township, Yunlin County",2021/04/27,23.77937,120.5091,9.28
"Yutong Township, Yunlin County",2021/05/04,23.77937,120.5091,1.96
"Yutong Township, Yunlin County",2021/05/11,23.77937,120.5091,1.56
"Yutong Township, Yunlin County",2021/05/18,23.77937,120.5091,1.58
"Yutong Township, Yunlin County",2021/05/25,23.77937,120.5091,0.1
"Yutong Township, Yunlin County",2021/06/01,23.77937,120.5091,0.28
"Yutong Township, Yunlin County",2021/03/16,23.779972,120.509,0
"Yutong Township, Yunlin County",2021/03/23,23.779972,120.509,0
"Yutong Township, Yunlin County",2021/03/30,23.779972,120.509,0
"Yutong Township, Yunlin County",2021/04/06,23.779972,120.509,0
"Yutong Township, Yunlin County",2021/04/13,23.779972,120.509,2.1
"Yutong Township, Yunlin County",2021/04/20,23.779972,120.509,1.3
"Yutong Township, Yunlin County",2021/04/27,23.779972,120.509,0.98
"Yutong Township, Yunlin County",2021/05/04,23.779972,120.509,0
"Yutong Township, Yunlin County",2021/05/11,23.779972,120.509,0.14
"Yutong Township, Yunlin County",2021/05/18,23.779972,120.509,0.14
"Yutong Township, Yunlin County",2021/05/25,23.779972,120.509,0
"Yutong Township, Yunlin County",2021/06/01,23.779972,120.509,0
"Yutong Township, Yunlin County",2021/06/08,23.779972,120.509,0
"Yutong Township, Yunlin County",2021/06/15,23.779972,120.509,0.02
"Yutong Township, Yunlin County",2021/06/22,23.779972,120.509,0
"Mingjian Township, Nantou County",2021/02/09,23.829145,120.699967,0
"Mingjian Township, Nantou County",2021/02/23,23.829145,120.699967,0
"Mingjian Township, Nantou County",2021/03/02,23.829145,120.699967,0
"Mingjian Township, Nantou County",2021/03/09,23.829145,120.699967,0
"Mingjian Township, Nantou County",2021/03/16,23.829145,120.699967,0
"Mingjian Township, Nantou County",2021/03/23,23.829145,120.699967,0
"Mingjian Township, Nantou County",2021/03/30,23.829145,120.699967,0
"Mingjian Township, Nantou County",2021/04/06,23.829145,120.699967,0
"Mingjian Township, Nantou County",2021/04/13,23.829145,120.699967,0
"Mingjian Township, Nantou County",2021/04/20,23.829145,120.699967,0
"Mingjian Township, Nantou County",2021/04/27,23.829145,120.699967,0.01
"Mingjian Township, Nantou County",2021/05/04,23.829145,120.699967,0.39
"Mingjian Township, Nantou County",2021/05/11,23.829145,120.699967,0.74
"Mingjian Township, Nantou County",2021/05/18,23.829145,120.699967,0.29
"Mingjian Township, Nantou County",2021/05/25,23.829145,120.699967,0.31
Taichung City,2018/03/21,23.82915,120.7,0
Taichung City,2018/03/28,23.82915,120.7,0
Taichung City,2018/04/04,23.82915,120.7,0
Taichung City,2018/04/11,23.82915,120.7,0.068
Taichung City,2018/04/18,23.82915,120.7,0.777
Taichung City,2018/04/25,23.82915,120.7,5.1465
Taichung City,2018/05/02,23.82915,120.7,8.703
Taichung City,2018/05/09,23.82915,120.7,8.703
Taichung City,2018/05/16,23.82915,120.7,8.703
Taichung City,2018/05/23,23.82915,120.7,8.703
Taichung City,2018/05/30,23.82915,120.7,8.703
Taichung City,2018/06/06,23.82915,120.7,8.703
Taichung City,2018/06/13,23.82915,120.7,8.703
Taichung City,2018/06/20,23.82915,120.7,10.385
Taichung City,2019/03/28,23.82915,120.7,0
Taichung City,2019/04/11,23.82915,120.7,0
Taichung City,2019/04/18,23.82915,120.7,1.1
Taichung City,2019/04/25,23.82915,120.7,2.5
Taichung City,2019/05/09,23.82915,120.7,10.4
Taichung City,2019/05/16,23.82915,120.7,15.4
Taichung City,2019/05/23,23.82915,120.7,15.4
Taichung City,2019/05/30,23.82915,120.7,15.4
Taichung City,2019/06/06,23.82915,120.7,15.4
Taichung City,2019/06/13,23.82915,120.7,15.4
Taichung City,2020/03/26,23.82915,120.7,0
Taichung City,2020/04/02,23.82915,120.7,0
Taichung City,2020/04/09,23.82915,120.7,0
Taichung City,2020/04/16,23.82915,120.7,0.3
Taichung City,2020/04/23,23.82915,120.7,0.62
Taichung City,2020/04/28,23.82915,120.7,1.3
Taichung City,2020/05/07,23.82915,120.7,3.3
Taichung City,2020/05/14,23.82915,120.7,3.96
Taichung City,2020/05/21,23.82915,120.7,4.96
"Ji'an Township, Hualien County",2018/02/27,23.97556,121.5643,0
"Ji'an Township, Hualien County",2018/03/06,23.97556,121.5643,0.04
"Ji'an Township, Hualien County",2018/03/13,23.97556,121.5643,0.06
"Ji'an Township, Hualien County",2018/03/20,23.97556,121.5643,0.06
"Ji'an Township, Hualien County",2018/03/27,23.97556,121.5643,0.1
"Ji'an Township, Hualien County",2018/04/03,23.97556,121.5643,0.132
"Ji'an Township, Hualien County",2018/04/10,23.97556,121.5643,0.3
"Ji'an Township, Hualien County",2018/04/17,23.97556,121.5643,1.36
"Ji'an Township, Hualien County",2018/04/24,23.97556,121.5643,20.6
"Ji'an Township, Hualien County",2018/05/01,23.97556,121.5643,32.4
"Ji'an Township, Hualien County",2018/05/08,23.97556,121.5643,33.48
"Ji'an Township, Hualien County",2018/05/15,23.97556,121.5643,30.4
"Ji'an Township, Hualien County",2018/05/22,23.97556,121.5643,25.96
"Ji'an Township, Hualien County",2018/05/29,23.97556,121.5643,9.36
"Ji'an Township, Hualien County",2019/02/06,23.97556,121.5643,0
"Ji'an Township, Hualien County",2019/02/13,23.97556,121.5643,0
"Ji'an Township, Hualien County",2019/02/20,23.97556,121.5643,0.132
"Ji'an Township, Hualien County",2019/02/27,23.97556,121.5643,0.64
"Ji'an Township, Hualien County",2019/03/06,23.97556,121.5643,1.252
"Ji'an Township, Hualien County",2019/03/13,23.97556,121.5643,2.092
"Ji'an Township, Hualien County",2017/02/10,23.97568,121.564,0
"Ji'an Township, Hualien County",2017/02/17,23.97568,121.564,0
"Ji'an Township, Hualien County",2017/02/24,23.97568,121.564,4.4
"Ji'an Township, Hualien County",2017/03/03,23.97568,121.564,1.6
"Ji'an Township, Hualien County",2017/03/10,23.97568,121.564,0.8
"Ji'an Township, Hualien County",2017/03/17,23.97568,121.564,3.2
"Ji'an Township, Hualien County",2017/03/24,23.97568,121.564,0.8
"Ji'an Township, Hualien County",2017/03/31,23.97568,121.564,20.4
"Ji'an Township, Hualien County",2017/04/07,23.97568,121.564,20
"Ji'an Township, Hualien County",2017/04/14,23.97568,121.564,35.2
"Ji'an Township, Hualien County",2017/04/21,23.97568,121.564,72
"Ji'an Township, Hualien County",2017/04/28,23.97568,121.564,74.8
"Ji'an Township, Hualien County",2017/05/05,23.97568,121.564,77.6
"Ji'an Township, Hualien County",2017/05/12,23.97568,121.564,76
"Ji'an Township, Hualien County",2017/05/19,23.97568,121.564,75.2
"Ji'an Township, Hualien County",2017/05/26,23.97568,121.564,50
"Ji'an Township, Hualien County",2020/02/25,23.97568,121.564,0.016
"Ji'an Township, Hualien County",2020/03/03,23.97568,121.564,0.008
"Ji'an Township, Hualien County",2020/03/10,23.97568,121.564,0.008
"Ji'an Township, Hualien County",2020/03/17,23.97568,121.564,0.264
"Ji'an Township, Hualien County",2020/03/24,23.97568,121.564,0.632
"Ji'an Township, Hualien County",2020/03/31,23.97568,121.564,3.88
"Ji'an Township, Hualien County",2020/04/07,23.97568,121.564,4.816
"Ji'an Township, Hualien County",2020/04/14,23.97568,121.564,7.064
"Ji'an Township, Hualien County",2020/04/21,23.97568,121.564,9.44
"Ji'an Township, Hualien County",2020/04/28,23.97568,121.564,9.824
"Ji'an Township, Hualien County",2020/05/05,23.97568,121.564,9.816
"Ji'an Township, Hualien County",2020/05/12,23.97568,121.564,6.032
"Ji'an Township, Hualien County",2020/05/19,23.97568,121.564,3.624
"Ji'an Township, Hualien County",2020/05/26,23.97568,121.564,2.072
"Ji'an Township, Hualien County",2020/06/02,23.97568,121.564,0.656
"Ji'an Township, Hualien County",2020/06/09,23.97568,121.564,0.44
"Ji'an Township, Hualien County",2020/06/16,23.97568,121.564,0.204
"Ji'an Township, Hualien County",2021/03/04,23.97568,121.564,0
"Ji'an Township, Hualien County",2021/03/11,23.97568,121.564,0
"Ji'an Township, Hualien County",2021/03/18,23.97568,121.564,0
"Ji'an Township, Hualien County",2021/03/25,23.97568,121.564,0
"Ji'an Township, Hualien County",2021/04/01,23.97568,121.564,0.015
"Ji'an Township, Hualien County",2021/04/08,23.97568,121.564,0.28
"Ji'an Township, Hualien County",2021/04/15,23.97568,121.564,3.615
"Ji'an Township, Hualien County",2021/04/22,23.97568,121.564,9.105
"Ji'an Township, Hualien County",2021/04/29,23.97568,121.564,11.72
"Ji'an Township, Hualien County",2021/05/06,23.97568,121.564,12.045
"Ji'an Township, Hualien County",2021/05/13,23.97568,121.564,11.52
"Ji'an Township, Hualien County",2021/05/20,23.97568,121.564,7.95
"Ji'an Township, Hualien County",2021/05/27,23.97568,121.564,6.595
"Ji'an Township, Hualien County",2021/06/03,23.97568,121.564,5.415
"Ji'an Township, Hualien County",2021/06/10,23.97568,121.564,3.855
"Ji'an Township, Hualien County",2021/06/17,23.97568,121.564,1.53
"Ji'an Township, Hualien County",2021/06/24,23.97568,121.564,1.075
"Ji'an Township, Hualien County",2021/07/01,23.97568,121.564,0.295
"Gongguan Township, Miaoli County",2021/03/18,24.50683,120.8152,0
"Gongguan Township, Miaoli County",2021/03/24,24.50683,120.8152,0
"Gongguan Township, Miaoli County",2021/03/31,24.50683,120.8152,0
"Gongguan Township, Miaoli County",2021/04/07,24.50683,120.8152,0.24
"Gongguan Township, Miaoli County",2021/04/14,24.50683,120.8152,0.24
"Gongguan Township, Miaoli County",2021/04/21,24.50683,120.8152,0.1
"Gongguan Township, Miaoli County",2021/04/28,24.50683,120.8152,0.04
"Gongguan Township, Miaoli County",2021/05/05,24.50683,120.8152,3.34
"Gongguan Township, Miaoli County",2021/05/12,24.50683,120.8152,4.72
"Gongguan Township, Miaoli County",2021/05/19,24.50683,120.8152,3.88
"Gongguan Township, Miaoli County",2021/05/26,24.50683,120.8152,5.44
"Gongguan Township, Miaoli County",2021/06/02,24.50683,120.8152,8.74
"Gongguan Township, Miaoli County",2021/06/09,24.50683,120.8152,17.7
"Gongguan Township, Miaoli County",2021/06/16,24.50683,120.8152,16.98
"Gongguan Township, Miaoli County",2021/06/23,24.50683,120.8152,16.9
"Gongguan Township, Miaoli County",2021/06/30,24.50683,120.8152,16.86
"Gongguan Township, Miaoli County",2017/03/14,24.50692,120.8153,0
"Gongguan Township, Miaoli County",2017/03/21,24.50692,120.8153,0
"Gongguan Township, Miaoli County",2017/03/28,24.50692,120.8153,0
"Gongguan Township, Miaoli County",2017/04/04,24.50692,120.8153,0
"Gongguan Township, Miaoli County",2017/04/11,24.50692,120.8153,0
"Gongguan Township, Miaoli County",2017/04/18,24.50692,120.8153,0
"Gongguan Township, Miaoli County",2017/04/25,24.50692,120.8153,0
"Gongguan Township, Miaoli County",2017/05/02,24.50692,120.8153,9.6
"Gongguan Township, Miaoli County",2017/05/09,24.50692,120.8153,17.2
"Gongguan Township, Miaoli County",2017/05/16,24.50692,120.8153,17.2
"Gongguan Township, Miaoli County",2017/05/23,24.50692,120.8153,22
"Gongguan Township, Miaoli County",2017/05/30,24.50692,120.8153,26.8
"Gongguan Township, Miaoli County",2017/06/06,24.50692,120.8153,26.8
"Gongguan Township, Miaoli County",2018/03/07,24.50692,120.8153,0
"Gongguan Township, Miaoli County",2018/03/14,24.50692,120.8153,0
"Gongguan Township, Miaoli County",2018/03/21,24.50692,120.8153,0
"Gongguan Township, Miaoli County",2018/03/28,24.50692,120.8153,0
"Gongguan Township, Miaoli County",2018/04/03,24.50692,120.8153,0
"Gongguan Township, Miaoli County",2018/04/11,24.50692,120.8153,0
"Gongguan Township, Miaoli County",2018/04/18,24.50692,120.8153,0
"Gongguan Township, Miaoli County",2018/04/25,24.50692,120.8153,0.186
"Gongguan Township, Miaoli County",2018/05/02,24.50692,120.8153,0.572
"Gongguan Township, Miaoli County",2018/05/09,24.50692,120.8153,3.682
"Gongguan Township, Miaoli County",2018/05/16,24.50692,120.8153,4.7
"Gongguan Township, Miaoli County",2018/05/23,24.50692,120.8153,4.7
"Gongguan Township, Miaoli County",2018/05/30,24.50692,120.8153,3.8
"Gongguan Township, Miaoli County",2019/03/15,24.50692,120.8153,0
"Gongguan Township, Miaoli County",2019/03/22,24.50692,120.8153,0
"Gongguan Township, Miaoli County",2019/03/29,24.50692,120.8153,0
"Gongguan Township, Miaoli County",2019/04/05,24.50692,120.8153,0
"Gongguan Township, Miaoli County",2019/04/12,24.50692,120.8153,0.16
"Gongguan Township, Miaoli County",2019/04/17,24.50692,120.8153,0.24
"Gongguan Township, Miaoli County",2019/04/24,24.50692,120.8153,0.8
"Gongguan Township, Miaoli County",2019/05/03,24.50692,120.8153,1.76
"Gongguan Township, Miaoli County",2019/05/10,24.50692,120.8153,1.68
"Gongguan Township, Miaoli County",2019/05/17,24.50692,120.8153,1.18
"Gongguan Township, Miaoli County",2019/05/24,24.50692,120.8153,1.56
"Gongguan Township, Miaoli County",2019/05/31,24.50692,120.8153,4.66
"Gongguan Township, Miaoli County",2020/03/04,24.50692,120.8153,0
"Gongguan Township, Miaoli County",2020/03/11,24.50692,120.8153,0
"Gongguan Township, Miaoli County",2020/03/18,24.50692,120.8153,0
"Gongguan Township, Miaoli County",2020/03/25,24.50692,120.8153,0
"Gongguan Township, Miaoli County",2020/04/01,24.50692,120.8153,0
"Gongguan Township, Miaoli County",2020/04/08,24.50692,120.8153,0
"Gongguan Township, Miaoli County",2020/04/16,24.50692,120.8153,3.78
"Gongguan Township, Miaoli County",2020/04/22,24.50692,120.8153,1.26
"Gongguan Township, Miaoli County",2020/04/29,24.50692,120.8153,1.08
"Gongguan Township, Miaoli County",2020/05/06,24.50692,120.8153,32
"Gongguan Township, Miaoli County",2020/05/13,24.50692,120.8153,26.8
"Gongguan Township, Miaoli County",2020/05/20,24.50692,120.8153,48.9
"Xinfeng Township, Hsinchu County",2020/03/20,24.55575,120.5955,0.016
"Xinfeng Township, Hsinchu County",2020/03/31,24.55575,120.5955,0.132
"Xinfeng Township, Hsinchu County",2020/04/09,24.55575,120.5955,0.226
"Xinfeng Township, Hsinchu County",2020/04/15,24.55575,120.5955,0.222
"Xinfeng Township, Hsinchu County",2020/04/22,24.55575,120.5955,0.02
"Xinfeng Township, Hsinchu County",2020/04/29,24.55575,120.5955,0.084
"Xinfeng Township, Hsinchu County",2020/05/06,24.55575,120.5955,0.072
"Xinfeng Township, Hsinchu County",2020/05/13,24.55575,120.5955,0.074
"Xinfeng Township, Hsinchu County",2020/05/20,24.55575,120.5955,0.34
"Xinfeng Township, Hsinchu County",2020/05/26,24.55575,120.5955,0.016
"Xinfeng Township, Hsinchu County",2020/06/03,24.55575,120.5955,0.024
"Xihu Township, Miaoli County",2021/02/24,24.57802,120.7604,0
"Xihu Township, Miaoli County",2021/03/03,24.57802,120.7604,0
"Xihu Township, Miaoli County",2021/03/10,24.57802,120.7604,0
"Xihu Township, Miaoli County",2021/03/18,24.57802,120.7604,0
"Xihu Township, Miaoli County",2021/03/24,24.57802,120.7604,0
"Xihu Township, Miaoli County",2021/03/31,24.57802,120.7604,0
"Xihu Township, Miaoli County",2021/04/07,24.57802,120.7604,0.4
"Xihu Township, Miaoli County",2021/04/14,24.57802,120.7604,0.28
"Xihu Township, Miaoli County",2021/04/21,24.57802,120.7604,0.14
"Xihu Township, Miaoli County",2021/04/28,24.57802,120.7604,0.3
"Xihu Township, Miaoli County",2021/05/05,24.57802,120.7604,1.02
"Xihu Township, Miaoli County",2021/05/12,24.57802,120.7604,3.18
"Xihu Township, Miaoli County",2021/05/19,24.57802,120.7604,3.54
"Xihu Township, Miaoli County",2021/05/26,24.57802,120.7604,4.4
"Xihu Township, Miaoli County",2021/06/02,24.57802,120.7604,7.7
"Xihu Township, Miaoli County",2021/06/09,24.57802,120.7604,12.76
"Xihu Township, Miaoli County",2021/06/16,24.57802,120.7604,11.96
"Xihu Township, Miaoli County",2017/03/14,24.57827,120.7609,0
"Xihu Township, Miaoli County",2017/03/21,24.57827,120.7609,0
"Xihu Township, Miaoli County",2017/03/28,24.57827,120.7609,0
"Xihu Township, Miaoli County",2017/04/04,24.57827,120.7609,0
"Xihu Township, Miaoli County",2017/04/11,24.57827,120.7609,0
"Xihu Township, Miaoli County",2017/04/18,24.57827,120.7609,0
"Xihu Township, Miaoli County",2017/04/25,24.57827,120.7609,18
"Xihu Township, Miaoli County",2017/05/02,24.57827,120.7609,29.2
"Xihu Township, Miaoli County",2017/05/09,24.57827,120.7609,38
"Xihu Township, Miaoli County",2017/05/16,24.57827,120.7609,34
"Xihu Township, Miaoli County",2017/05/23,24.57827,120.7609,34.4
"Xihu Township, Miaoli County",2017/05/30,24.57827,120.7609,26.8
"Xihu Township, Miaoli County",2017/06/06,24.57827,120.7609,26.8
"Xihu Township, Miaoli County",2018/03/07,24.57827,120.7609,0
"Xihu Township, Miaoli County",2018/03/14,24.57827,120.7609,0
"Xihu Township, Miaoli County",2018/03/21,24.57827,120.7609,0
"Xihu Township, Miaoli County",2018/03/28,24.57827,120.7609,0
"Xihu Township, Miaoli County",2018/04/03,24.57827,120.7609,0
"Xihu Township, Miaoli County",2018/04/11,24.57827,120.7609,0
"Xihu Township, Miaoli County",2018/04/18,24.57827,120.7609,0
"Xihu Township, Miaoli County",2018/04/25,24.57827,120.7609,15.02
"Xihu Township, Miaoli County",2018/05/02,24.57827,120.7609,25.22
"Xihu Township, Miaoli County",2018/05/09,24.57827,120.7609,28.62
"Xihu Township, Miaoli County",2018/05/16,24.57827,120.7609,31.36
"Xihu Township, Miaoli County",2018/05/23,24.57827,120.7609,12.22
"Xihu Township, Miaoli County",2018/05/30,24.57827,120.7609,11.16
"Xihu Township, Miaoli County",2019/03/15,24.57827,120.7609,0
"Xihu Township, Miaoli County",2019/03/22,24.57827,120.7609,0
"Xihu Township, Miaoli County",2019/03/29,24.57827,120.7609,0
"Xihu Township, Miaoli County",2019/04/05,24.57827,120.7609,0
"Xihu Township, Miaoli County",2019/04/12,24.57827,120.7609,0.8
"Xihu Township, Miaoli County",2019/04/17,24.57827,120.7609,2.92
"Xihu Township, Miaoli County",2019/04/24,24.57827,120.7609,18.36
"Xihu Township, Miaoli County",2019/05/03,24.57827,120.7609,23.38
"Xihu Township, Miaoli County",2019/05/10,24.57827,120.7609,22.7
"Xihu Township, Miaoli County",2019/05/17,24.57827,120.7609,1.18
"Xihu Township, Miaoli County",2019/05/24,24.57827,120.7609,8.58
"Xihu Township, Miaoli County",2020/03/04,24.57827,120.7609,0
"Xihu Township, Miaoli County",2020/03/11,24.57827,120.7609,0
"Xihu Township, Miaoli County",2020/03/18,24.57827,120.7609,0
"Xihu Township, Miaoli County",2020/03/25,24.57827,120.7609,0
"Xihu Township, Miaoli County",2020/04/01,24.57827,120.7609,0
"Xihu Township, Miaoli County",2020/04/08,24.57827,120.7609,0
"Xihu Township, Miaoli County",2020/04/16,24.57827,120.7609,1.36
"Xihu Township, Miaoli County",2020/04/22,24.57827,120.7609,2.64
"Xihu Township, Miaoli County",2020/04/29,24.57827,120.7609,3.38
"Xihu Township, Miaoli County",2020/05/06,24.57827,120.7609,2.82
"Xihu Township, Miaoli County",2020/05/13,24.57827,120.7609,4.4
"Xihu Township, Miaoli County",2020/05/20,24.57827,120.7609,6.7
"Beipu Township, Hsinchu County",2018/03/14,24.70029,121.0506,0
"Beipu Township, Hsinchu County",2018/03/21,24.70029,121.0506,0
"Beipu Township, Hsinchu County",2018/03/28,24.70029,121.0506,0
"Beipu Township, Hsinchu County",2018/04/03,24.70029,121.0506,0
"Beipu Township, Hsinchu County",2018/04/11,24.70029,121.0506,0
"Beipu Township, Hsinchu County",2018/04/18,24.70029,121.0506,0
"Beipu Township, Hsinchu County",2018/04/25,24.70029,121.0506,0
"Beipu Township, Hsinchu County",2018/05/02,24.70029,121.0506,0
"Beipu Township, Hsinchu County",2018/05/09,24.70029,121.0506,0.42
"Beipu Township, Hsinchu County",2018/05/16,24.70029,121.0506,0.58
"Beipu Township, Hsinchu County",2018/05/23,24.70029,121.0506,1
"Beipu Township, Hsinchu County",2018/05/30,24.70029,121.0506,0.7
"Beipu Township, Hsinchu County",2020/03/20,24.70029,121.0506,0.016
"Beipu Township, Hsinchu County",2020/03/31,24.70029,121.0506,0.148
"Beipu Township, Hsinchu County",2020/04/09,24.70029,121.0506,0.414
"Beipu Township, Hsinchu County",2020/04/15,24.70029,121.0506,0.772
"Beipu Township, Hsinchu County",2020/04/22,24.70029,121.0506,1.33
"Beipu Township, Hsinchu County",2020/04/29,24.70029,121.0506,2.82
"Beipu Township, Hsinchu County",2020/05/06,24.70029,121.0506,0.322
"Beipu Township, Hsinchu County",2020/05/13,24.70029,121.0506,0.322
"Beipu Township, Hsinchu County",2020/05/20,24.70029,121.0506,19.96
"Beipu Township, Hsinchu County",2020/05/26,24.70029,121.0506,1.88
"Beipu Township, Hsinchu County",2020/06/03,24.70029,121.0506,0.914
"Emei Township, Hsinchu County",2018/03/14,24.7015,121.0427,0
"Emei Township, Hsinchu County",2018/03/21,24.7015,121.0427,0
"Emei Township, Hsinchu County",2018/03/28,24.7015,121.0427,0
"Emei Township, Hsinchu County",2018/04/03,24.7015,121.0427,0
"Emei Township, Hsinchu County",2018/04/11,24.7015,121.0427,0
"Emei Township, Hsinchu County",2018/04/18,24.7015,121.0427,0.44
"Emei Township, Hsinchu County",2018/04/25,24.7015,121.0427,1.2
"Emei Township, Hsinchu County",2018/05/02,24.7015,121.0427,1.98
"Emei Township, Hsinchu County",2018/05/09,24.7015,121.0427,3.56
"Emei Township, Hsinchu County",2018/05/16,24.7015,121.0427,5.96
"Emei Township, Hsinchu County",2018/05/23,24.7015,121.0427,9.08
"Emei Township, Hsinchu County",2018/05/30,24.7015,121.0427,7.16
"Emei Township, Hsinchu County",2020/03/20,24.7015,121.0427,0.016
"Emei Township, Hsinchu County",2020/03/31,24.7015,121.0427,0.004
"Emei Township, Hsinchu County",2020/04/09,24.7015,121.0427,0.016
"Emei Township, Hsinchu County",2020/04/15,24.7015,121.0427,0.044
"Emei Township, Hsinchu County",2020/04/22,24.7015,121.0427,0.04
"Emei Township, Hsinchu County",2020/04/29,24.7015,121.0427,0.068
"Emei Township, Hsinchu County",2020/05/06,24.7015,121.0427,0
"Emei Township, Hsinchu County",2020/05/13,24.7015,121.0427,0
"Emei Township, Hsinchu County",2020/05/20,24.7015,121.0427,0.136
"Emei Township, Hsinchu County",2020/05/26,24.7015,121.0427,0.02
"Hengshan Township, Hsinchu County",2018/03/14,24.72557,121.1271,0
"Hengshan Township, Hsinchu County",2018/03/21,24.72557,121.1271,0
"Hengshan Township, Hsinchu County",2018/03/28,24.72557,121.1271,0
"Hengshan Township, Hsinchu County",2018/04/03,24.72557,121.1271,0
"Hengshan Township, Hsinchu County",2018/04/11,24.72557,121.1271,0
"Hengshan Township, Hsinchu County",2018/04/18,24.72557,121.1271,0
"Hengshan Township, Hsinchu County",2018/04/25,24.72557,121.1271,0
"Hengshan Township, Hsinchu County",2018/05/02,24.72557,121.1271,0
"Hengshan Township, Hsinchu County",2018/05/09,24.72557,121.1271,0
"Hengshan Township, Hsinchu County",2018/05/16,24.72557,121.1271,0
"Hengshan Township, Hsinchu County",2018/05/23,24.72557,121.1271,0.28
"Hengshan Township, Hsinchu County",2018/05/30,24.72557,121.1271,0.14
"Hengshan Township, Hsinchu County",2020/03/20,24.72557,121.1271,0.016
"Hengshan Township, Hsinchu County",2020/03/31,24.72557,121.1271,0.016
"Hengshan Township, Hsinchu County",2020/04/09,24.72557,121.1271,0.036
"Hengshan Township, Hsinchu County",2020/04/15,24.72557,121.1271,0.194
"Hengshan Township, Hsinchu County",2020/04/22,24.72557,121.1271,0.02
"Hengshan Township, Hsinchu County",2020/04/29,24.72557,121.1271,0.032
"Hengshan Township, Hsinchu County",2020/05/06,24.72557,121.1271,2.374
"Hengshan Township, Hsinchu County",2020/05/13,24.72557,121.1271,2.374
"Hengshan Township, Hsinchu County",2020/05/20,24.72557,121.1271,4.47
"Hengshan Township, Hsinchu County",2020/05/26,24.72557,121.1271,3.98
"Hengshan Township, Hsinchu County",2020/06/03,24.72557,121.1271,3.92
"Xionglin Township, Hsinchu County",2020/03/20,24.7739,121.0777,0.016
"Xionglin Township, Hsinchu County",2020/03/31,24.7739,121.0777,0.1
"Xionglin Township, Hsinchu County",2020/04/09,24.7739,121.0777,0.036
"Xionglin Township, Hsinchu County",2020/04/15,24.7739,121.0777,0.188
"Xionglin Township, Hsinchu County",2020/04/22,24.7739,121.0777,0.008
"Xionglin Township, Hsinchu County",2020/04/29,24.7739,121.0777,0.016
"Xionglin Township, Hsinchu County",2020/05/06,24.7739,121.0777,1.178
"Xionglin Township, Hsinchu County",2020/05/13,24.7739,121.0777,1.178
"Xionglin Township, Hsinchu County",2020/05/20,24.7739,121.0777,1.648
"Xionglin Township, Hsinchu County",2020/05/26,24.7739,121.0777,0.84
"Xionglin Township, Hsinchu County",2020/06/03,24.7739,121.0777,0
"Zhubei City, Hsinchu County",2018/03/14,24.80717,121.0587,0
"Zhubei City, Hsinchu County",2018/03/21,24.80717,121.0587,0
"Zhubei City, Hsinchu County",2018/03/28,24.80717,121.0587,0
"Zhubei City, Hsinchu County",2018/04/03,24.80717,121.0587,0
"Zhubei City, Hsinchu County",2018/04/11,24.80717,121.0587,0
"Zhubei City, Hsinchu County",2018/04/18,24.80717,121.0587,0.12
"Zhubei City, Hsinchu County",2018/04/25,24.80717,121.0587,0.32
"Zhubei City, Hsinchu County",2018/05/02,24.80717,121.0587,0.38
"Zhubei City, Hsinchu County",2018/05/09,24.80717,121.0587,1.12
"Zhubei City, Hsinchu County",2018/05/16,24.80717,121.0587,1.22
"Zhubei City, Hsinchu County",2018/05/23,24.80717,121.0587,1.72
"Zhubei City, Hsinchu County",2018/05/30,24.80717,121.0587,1.72
"Zhubei City, Hsinchu County",2018/06/09,24.80717,121.0587,0
"Zhubei City, Hsinchu County",2018/06/16,24.80717,121.0587,0
"Zhubei City, Hsinchu County",2018/06/23,24.80717,121.0587,0.63
"Zhubei City, Hsinchu County",2018/06/30,24.80717,121.0587,1.41
"Zhubei City, Hsinchu County",2020/03/20,24.80717,121.0587,0.016
"Zhubei City, Hsinchu County",2020/03/31,24.80717,121.0587,0.016
"Zhubei City, Hsinchu County",2020/04/09,24.80717,121.0587,0.124
"Zhubei City, Hsinchu County",2020/04/15,24.80717,121.0587,0.2
"Zhubei City, Hsinchu County",2020/04/22,24.80717,121.0587,0.03
"Zhubei City, Hsinchu County",2020/04/29,24.80717,121.0587,0.096
"Zhubei City, Hsinchu County",2020/05/06,24.80717,121.0587,0.072
"Zhubei City, Hsinchu County",2020/05/13,24.80717,121.0587,0.074
"Zhubei City, Hsinchu County",2020/05/20,24.80717,121.0587,0.34
"Zhubei City, Hsinchu County",2020/05/26,24.80717,121.0587,0.1224
"Zhubei City, Hsinchu County",2020/06/03,24.80717,121.0587,0.032
"Xinwu District, Taoyuan City",2017/03/11,24.93257,121.0009,0
"Xinwu District, Taoyuan City",2017/03/18,24.93257,121.0009,0
"Xinwu District, Taoyuan City",2017/03/25,24.93257,121.0009,0
"Xinwu District, Taoyuan City",2017/04/01,24.93257,121.0009,0
"Xinwu District, Taoyuan City",2017/04/08,24.93257,121.0009,1.6
"Xinwu District, Taoyuan City",2017/04/15,24.93257,121.0009,16
"Xinwu District, Taoyuan City",2017/04/22,24.93257,121.0009,49.2
"Xinwu District, Taoyuan City",2017/04/29,24.93257,121.0009,49.6
"Xinwu District, Taoyuan City",2017/05/06,24.93257,121.0009,52.4
"Xinwu District, Taoyuan City",2017/05/13,24.93257,121.0009,51.2
"Xinwu District, Taoyuan City",2017/05/20,24.93257,121.0009,22.4
"Xinwu District, Taoyuan City",2017/05/27,24.93257,121.0009,20
"Xinwu District, Taoyuan City",2020/03/20,24.93257,121.0009,0.016
"Xinwu District, Taoyuan City",2020/03/31,24.93257,121.0009,0.016
"Xinwu District, Taoyuan City",2020/04/09,24.93257,121.0009,0.032
"Xinwu District, Taoyuan City",2020/04/15,24.93257,121.0009,0.066
"Xinwu District, Taoyuan City",2020/04/22,24.93257,121.0009,0
"Xinwu District, Taoyuan City",2020/04/29,24.93257,121.0009,0.036
"Xinwu District, Taoyuan City",2020/05/06,24.93257,121.0009,0.024
"Xinwu District, Taoyuan City",2020/05/13,24.93257,121.0009,0.024
"Xinwu District, Taoyuan City",2020/05/20,24.93257,121.0009,0.08
"Xinwu District, Taoyuan City",2020/05/26,24.93257,121.0009,0.038
"Xinwu District, Taoyuan City",2020/06/03,24.93257,121.0009,0.028